0 , Aaron , 61 , 1 , 1 , 12347 , 78
1 , Abdiel , 61 , 2 , 1 , 13680 , 50
2 , Abdullah , 21 , 2 , 1 , 11958 , 71
3 , Abel , 15 , 7 , 2 , 11461 , 83
4 , Abraham , 48 , 8 , 0 , 11874 , 78
5 , Abram , 37 , 7 , 1 , 14045 , 76
6 , Adam , 84 , 4 , 2 , 14081 , 58
7 , Adan , 91 , 6 , 2 , 13157 , 8
8 , Addison , 54 , 3 , 0 , 11718 , 33
9 , Aden , 61 , 9 , 2 , 12781 , 96
10 , Aditya , 79 , 4 , 0 , 13896 , 73
11 , Adolfo , 60 , 4 , 0 , 11939 , 31
12 , Adonis , 23 , 6 , 1 , 13909 , 77
13 , Adrian , 97 , 5 , 2 , 12080 , 85
14 , Adriel , 1 , 4 , 0 , 11519 , 2
15 , Adrien , 40 , 5 , 1 , 13849 , 35
16 , Agustin , 63 , 6 , 0 , 10249 , 41
17 , Ahmad , 78 , 8 , 1 , 12572 , 48
18 , Ahmed , 94 , 1 , 1 , 14017 , 7
19 , Aidan , 92 , 9 , 2 , 14256 , 43
20 , Aiden , 71 , 6 , 2 , 13649 , 86
21 , Alan , 72 , 6 , 2 , 12761 , 82
22 , Albert , 85 , 5 , 2 , 13595 , 61
23 , Alberto , 76 , 7 , 2 , 14446 , 27
24 , Alden , 98 , 8 , 2 , 12379 , 58
25 , Aldo , 7 , 3 , 2 , 10457 , 2
26 , Alec , 3 , 8 , 2 , 11116 , 93
27 , Alejandro , 24 , 6 , 1 , 14431 , 43
28 , Alessandro , 5 , 3 , 1 , 11841 , 87
29 , Alex , 38 , 10 , 0 , 14785 , 81
30 , Alexander , 14 , 1 , 2 , 11273 , 44
31 , Alexandre , 57 , 4 , 1 , 12560 , 85
32 , Alexandro , 52 , 1 , 0 , 13738 , 14
33 , Alexis , 80 , 4 , 0 , 14804 , 38
34 , Alexzander , 15 , 6 , 2 , 14927 , 95
35 , Alfonso , 96 , 3 , 1 , 12847 , 13
36 , Alfred , 35 , 1 , 0 , 13325 , 13
37 , Alfredo , 40 , 10 , 1 , 10514 , 48
38 , Ali , 4 , 4 , 0 , 13969 , 41
39 , Alijah , 74 , 8 , 0 , 14470 , 57
40 , Allan , 44 , 5 , 2 , 10577 , 33
41 , Allen , 15 , 4 , 2 , 11581 , 28
42 , Alonso , 42 , 4 , 2 , 10197 , 73
43 , Alonzo , 68 , 2 , 1 , 13880 , 30
44 , Alvaro , 26 , 7 , 2 , 11168 , 17
45 , Alvin , 52 , 9 , 0 , 13052 , 76
46 , Amari , 69 , 4 , 2 , 11409 , 2
47 , Amarion , 72 , 10 , 1 , 11044 , 86
48 , Amir , 22 , 7 , 1 , 12981 , 80
49 , Anderson , 12 , 2 , 0 , 12842 , 77
50 , Andre , 96 , 7 , 2 , 12932 , 56
51 , Andres , 60 , 5 , 2 , 13650 , 7
52 , Andrew , 100 , 4 , 2 , 11818 , 72
53 , Andy , 23 , 1 , 1 , 12321 , 80
54 , Angel , 100 , 5 , 1 , 11498 , 4
55 , Angelo , 61 , 10 , 1 , 14900 , 40
56 , Anthony , 61 , 9 , 0 , 12583 , 67
57 , Antoine , 26 , 3 , 1 , 12722 , 48
58 , Anton , 79 , 5 , 0 , 14895 , 99
59 , Antonio , 67 , 5 , 0 , 11679 , 93
60 , Antony , 15 , 5 , 1 , 14127 , 77
61 , Antwan , 61 , 5 , 1 , 13632 , 66
62 , Ari , 78 , 1 , 1 , 14743 , 84
63 , Ariel , 65 , 10 , 0 , 13441 , 52
64 , Arjun , 93 , 4 , 0 , 11741 , 70
65 , Armando , 91 , 8 , 0 , 11886 , 30
66 , Armani , 27 , 1 , 2 , 13580 , 40
67 , Arnold , 72 , 3 , 1 , 11828 , 42
68 , Aron , 57 , 5 , 0 , 10463 , 86
69 , Arthur , 44 , 8 , 0 , 13117 , 53
70 , Arturo , 88 , 10 , 1 , 12017 , 6
71 , Aryan , 48 , 1 , 0 , 11442 , 43
72 , Asa , 30 , 5 , 1 , 13816 , 24
73 , Asher , 83 , 8 , 1 , 10010 , 91
74 , Ashton , 5 , 3 , 1 , 12671 , 47
75 , Aubrey , 4 , 8 , 1 , 10547 , 65
76 , August , 82 , 3 , 0 , 12228 , 99
77 , Augustus , 94 , 7 , 0 , 13863 , 97
78 , Austen , 87 , 5 , 2 , 14406 , 41
79 , Austin , 25 , 6 , 1 , 11126 , 23
80 , Austyn , 19 , 2 , 1 , 10096 , 91
81 , Avery , 70 , 3 , 0 , 10129 , 62
82 , Axel , 73 , 8 , 1 , 11901 , 39
83 , Ayden , 81 , 9 , 1 , 13148 , 34
84 , Baby , 33 , 2 , 2 , 14791 , 50
85 , Bailey , 6 , 9 , 1 , 10161 , 43
86 , Barrett , 34 , 5 , 0 , 11925 , 33
87 , Barry , 90 , 7 , 0 , 11858 , 64
88 , Beau , 60 , 7 , 1 , 12635 , 81
89 , Ben , 62 , 3 , 1 , 14302 , 29
90 , Benjamin , 68 , 8 , 1 , 13474 , 20
91 , Bennett , 99 , 4 , 1 , 13631 , 16
92 , Benny , 34 , 2 , 0 , 10036 , 22
93 , Bernard , 87 , 2 , 2 , 14602 , 30
94 , Bernardo , 96 , 8 , 0 , 11564 , 37
95 , Bilal , 73 , 4 , 0 , 12884 , 64
96 , Billy , 8 , 8 , 1 , 11610 , 91
97 , Blaine , 26 , 10 , 0 , 11156 , 98
98 , Blaise , 30 , 1 , 2 , 10653 , 65
99 , Blake , 89 , 3 , 1 , 11388 , 1
100 , Blaze , 41 , 7 , 2 , 13945 , 29
101 , Bo , 77 , 9 , 2 , 11590 , 15
102 , Bobby , 91 , 6 , 0 , 11426 , 77
103 , Brad , 64 , 1 , 2 , 12291 , 83
104 , Braden , 64 , 7 , 0 , 13045 , 100
105 , Bradley , 93 , 3 , 1 , 11975 , 79
106 , Brady , 48 , 9 , 2 , 10758 , 72
107 , Bradyn , 4 , 5 , 2 , 13059 , 5
108 , Braeden , 90 , 3 , 1 , 12346 , 25
109 , Braedon , 9 , 2 , 2 , 13250 , 98
110 , Braiden , 30 , 1 , 2 , 11429 , 4
111 , Branden , 98 , 1 , 0 , 12933 , 93
112 , Brandon , 94 , 8 , 0 , 12121 , 79
113 , Braulio , 31 , 6 , 0 , 11968 , 19
114 , Braxton , 4 , 3 , 2 , 10262 , 70
115 , Brayan , 5 , 4 , 0 , 11356 , 83
116 , Brayden , 100 , 5 , 1 , 13920 , 42
117 , Braydon , 94 , 6 , 2 , 10516 , 62
118 , Brendan , 47 , 9 , 2 , 11173 , 19
119 , Brenden , 97 , 8 , 1 , 10208 , 67
120 , Brendon , 11 , 4 , 2 , 14105 , 42
121 , Brennan , 39 , 5 , 0 , 14557 , 99
122 , Brennen , 8 , 6 , 0 , 14816 , 40
123 , Brent , 34 , 4 , 0 , 12345 , 87
124 , Brenton , 86 , 4 , 2 , 11902 , 86
125 , Bret , 95 , 10 , 2 , 13384 , 74
126 , Brett , 62 , 7 , 1 , 14367 , 85
127 , Brian , 18 , 2 , 2 , 13321 , 38
128 , Brice , 53 , 5 , 2 , 13610 , 40
129 , Brock , 80 , 1 , 0 , 11454 , 30
130 , Brodie , 83 , 1 , 0 , 12616 , 12
131 , Brody , 89 , 10 , 1 , 12991 , 42
132 , Brooks , 29 , 6 , 1 , 13051 , 44
133 , Bruce , 18 , 6 , 2 , 12428 , 30
134 , Bruno , 41 , 2 , 0 , 11051 , 73
135 , Bryan , 52 , 10 , 1 , 10184 , 28
136 , Bryant , 61 , 6 , 1 , 10950 , 80
137 , Bryce , 72 , 2 , 0 , 10057 , 46
138 , Brycen , 72 , 1 , 1 , 10403 , 36
139 , Bryson , 61 , 10 , 0 , 14408 , 98
140 , Byron , 64 , 8 , 0 , 10938 , 58
141 , Cade , 4 , 7 , 2 , 11085 , 30
142 , Caden , 14 , 9 , 1 , 10750 , 7
143 , Cael , 1 , 3 , 1 , 10794 , 40
144 , Caiden , 15 , 2 , 0 , 11826 , 71
145 , Cale , 12 , 6 , 2 , 10112 , 85
146 , Caleb , 57 , 2 , 1 , 14391 , 46
147 , Calvin , 66 , 6 , 2 , 11524 , 59
148 , Camden , 13 , 1 , 2 , 14717 , 68
149 , Cameron , 6 , 7 , 2 , 10984 , 43
150 , Camren , 100 , 9 , 0 , 10121 , 64
151 , Camron , 68 , 7 , 1 , 14702 , 18
152 , Carl , 25 , 7 , 0 , 10800 , 74
153 , Carlo , 18 , 9 , 0 , 12062 , 8
154 , Carlos , 97 , 10 , 2 , 12846 , 18
155 , Carlton , 9 , 9 , 2 , 14515 , 95
156 , Carson , 7 , 3 , 2 , 14526 , 42
157 , Carter , 50 , 10 , 2 , 13498 , 36
158 , Casey , 10 , 6 , 1 , 14832 , 73
159 , Cason , 77 , 5 , 1 , 14280 , 49
160 , Cayden , 8 , 4 , 2 , 11317 , 69
161 , Cedric , 49 , 4 , 1 , 12445 , 79
162 , Cesar , 94 , 3 , 1 , 12447 , 63
163 , Chad , 2 , 6 , 1 , 14973 , 62
164 , Chaim , 3 , 3 , 2 , 14524 , 5
165 , Chance , 64 , 5 , 2 , 11568 , 6
166 , Chandler , 98 , 4 , 1 , 14868 , 75
167 , Charles , 43 , 7 , 0 , 12081 , 28
168 , Charlie , 31 , 9 , 0 , 14068 , 93
169 , Chase , 77 , 8 , 1 , 11595 , 66
170 , Chaz , 64 , 7 , 1 , 11821 , 7
171 , Chris , 89 , 4 , 2 , 12763 , 43
172 , Christian , 62 , 8 , 1 , 12652 , 71
173 , Christopher , 65 , 10 , 0 , 11768 , 89
174 , Clarence , 56 , 1 , 2 , 13530 , 58
175 , Clark , 81 , 3 , 1 , 10597 , 46
176 , Clay , 9 , 9 , 0 , 10825 , 7
177 , Clayton , 57 , 1 , 0 , 13296 , 86
178 , Clifford , 20 , 10 , 2 , 13862 , 6
179 , Clifton , 58 , 9 , 1 , 12075 , 53
180 , Clinton , 98 , 1 , 1 , 11853 , 86
181 , Coby , 47 , 9 , 2 , 11461 , 61
182 , Cody , 56 , 1 , 2 , 13073 , 62
183 , Colby , 17 , 5 , 0 , 10044 , 13
184 , Cole , 11 , 8 , 2 , 10911 , 87
185 , Coleman , 91 , 3 , 0 , 10146 , 26
186 , Colin , 47 , 8 , 0 , 10766 , 95
187 , Collin , 21 , 1 , 2 , 14247 , 47
188 , Colt , 45 , 2 , 2 , 11867 , 57
189 , Colten , 27 , 4 , 0 , 11295 , 1
190 , Colton , 43 , 1 , 1 , 13064 , 5
191 , Conner , 68 , 7 , 1 , 13010 , 10
192 , Connor , 16 , 3 , 0 , 11619 , 82
193 , Conor , 31 , 3 , 0 , 11937 , 15
194 , Conrad , 64 , 9 , 2 , 14089 , 15
195 , Cooper , 86 , 3 , 2 , 10310 , 9
196 , Corbin , 92 , 1 , 2 , 12038 , 55
197 , Cordell , 90 , 1 , 2 , 11169 , 20
198 , Corey , 63 , 2 , 0 , 13670 , 59
199 , Cornelius , 45 , 2 , 2 , 11503 , 96
200 , Cortez , 12 , 10 , 1 , 11174 , 33
201 , Cory , 100 , 3 , 1 , 10371 , 41
202 , Craig , 97 , 2 , 1 , 10660 , 28
203 , Cristian , 98 , 7 , 1 , 13162 , 52
204 , Cristobal , 53 , 1 , 1 , 11296 , 35
205 , Cristopher , 93 , 6 , 1 , 13601 , 43
206 , Cruz , 74 , 3 , 0 , 10511 , 25
207 , Cullen , 59 , 7 , 2 , 12023 , 84
208 , Curtis , 2 , 6 , 2 , 14047 , 88
209 , Cyrus , 9 , 3 , 0 , 11169 , 7
210 , Dakota , 2 , 7 , 1 , 12525 , 4
211 , Dale , 64 , 10 , 1 , 13304 , 38
212 , Dallas , 53 , 5 , 1 , 13002 , 58
213 , Dallin , 1 , 5 , 2 , 10748 , 96
214 , Dalton , 16 , 3 , 0 , 13382 , 2
215 , Damian , 10 , 1 , 1 , 12498 , 52
216 , Damien , 38 , 8 , 0 , 14871 , 15
217 , Damion , 13 , 9 , 0 , 10816 , 15
218 , Damon , 56 , 7 , 1 , 14975 , 51
219 , Dandre , 53 , 6 , 0 , 13052 , 32
220 , Dane , 87 , 6 , 0 , 14815 , 8
221 , Dangelo , 87 , 5 , 0 , 10960 , 58
222 , Daniel , 34 , 10 , 0 , 13750 , 84
223 , Danny , 49 , 4 , 2 , 10549 , 65
224 , Dante , 83 , 4 , 0 , 14715 , 4
225 , Daquan , 51 , 1 , 2 , 11953 , 35
226 , Darian , 76 , 9 , 0 , 11295 , 8
227 , Darien , 52 , 10 , 0 , 14386 , 46
228 , Darin , 36 , 4 , 1 , 10655 , 43
229 , Dario , 57 , 1 , 2 , 12832 , 94
230 , Darion , 71 , 4 , 1 , 12207 , 61
231 , Darius , 39 , 7 , 1 , 12456 , 47
232 , Darnell , 1 , 1 , 2 , 12126 , 39
233 , Darrell , 96 , 4 , 0 , 11617 , 93
234 , Darren , 98 , 4 , 0 , 14609 , 89
235 , Darrin , 50 , 1 , 1 , 13054 , 22
236 , Darrion , 85 , 1 , 0 , 14837 , 94
237 , Darrius , 39 , 5 , 0 , 14419 , 36
238 , Darryl , 31 , 5 , 0 , 10863 , 8
239 , Darwin , 97 , 3 , 0 , 10238 , 33
240 , Daryl , 44 , 10 , 2 , 14196 , 96
241 , Dashawn , 80 , 3 , 1 , 10898 , 61
242 , David , 30 , 7 , 2 , 10195 , 66
243 , Davin , 92 , 9 , 0 , 10685 , 66
244 , Davion , 60 , 7 , 1 , 14458 , 15
245 , Davis , 3 , 3 , 2 , 14405 , 8
246 , Davon , 51 , 7 , 0 , 10591 , 67
247 , Dawson , 45 , 1 , 0 , 11584 , 62
248 , Dayton , 31 , 5 , 1 , 14192 , 41
249 , Dean , 41 , 3 , 0 , 12529 , 61
250 , Deandre , 46 , 4 , 2 , 13913 , 18
251 , Deangelo , 84 , 2 , 0 , 12081 , 85
252 , Declan , 74 , 1 , 0 , 13952 , 6
253 , Demarcus , 6 , 4 , 1 , 14508 , 1
254 , Demetrius , 22 , 1 , 2 , 14466 , 4
255 , Dennis , 87 , 1 , 2 , 14499 , 21
256 , Denzel , 7 , 7 , 1 , 10815 , 10
257 , Deon , 4 , 2 , 0 , 13734 , 64
258 , Deonte , 66 , 5 , 1 , 12712 , 94
259 , Derek , 36 , 5 , 2 , 12226 , 18
260 , Derick , 54 , 6 , 0 , 13440 , 48
261 , Derrick , 40 , 7 , 0 , 12684 , 54
262 , Deshaun , 27 , 10 , 0 , 13745 , 13
263 , Deshawn , 79 , 5 , 0 , 14973 , 93
264 , Desmond , 26 , 3 , 0 , 10090 , 39
265 , Destin , 21 , 10 , 2 , 12551 , 72
266 , Devan , 47 , 7 , 0 , 10091 , 24
267 , Devante , 3 , 8 , 1 , 14527 , 33
268 , Deven , 49 , 3 , 0 , 10940 , 60
269 , Devin , 4 , 10 , 1 , 10420 , 16
270 , Devon , 16 , 9 , 0 , 10570 , 98
271 , Devonte , 64 , 6 , 2 , 11436 , 34
272 , Devyn , 16 , 4 , 1 , 10056 , 70
273 , Dexter , 47 , 4 , 0 , 10564 , 78
274 , Diego , 17 , 4 , 2 , 13193 , 69
275 , Dillan , 42 , 10 , 0 , 13793 , 8
276 , Dillon , 9 , 2 , 1 , 14446 , 58
277 , Dimitri , 34 , 7 , 1 , 14127 , 61
278 , Dion , 1 , 2 , 0 , 13292 , 71
279 , Domenic , 32 , 3 , 1 , 10615 , 75
280 , Dominic , 21 , 9 , 2 , 13698 , 38
281 , Dominick , 62 , 9 , 0 , 10724 , 42
282 , Dominik , 89 , 8 , 2 , 11988 , 68
283 , Dominique , 12 , 4 , 1 , 14360 , 27
284 , Donald , 18 , 7 , 2 , 11255 , 63
285 , Donavan , 7 , 5 , 0 , 14556 , 36
286 , Donovan , 55 , 4 , 0 , 10141 , 55
287 , Dontae , 21 , 3 , 1 , 14642 , 86
288 , Donte , 81 , 7 , 1 , 14509 , 32
289 , Dorian , 80 , 1 , 1 , 10503 , 44
290 , Douglas , 59 , 5 , 2 , 14564 , 5
291 , Drake , 66 , 10 , 1 , 11260 , 20
292 , Draven , 44 , 6 , 2 , 14313 , 90
293 , Drew , 64 , 4 , 0 , 14686 , 2
294 , Duane , 41 , 3 , 1 , 12740 , 74
295 , Duncan , 62 , 8 , 1 , 10110 , 48
296 , Dustin , 10 , 4 , 0 , 14315 , 14
297 , Dwayne , 96 , 1 , 0 , 14066 , 49
298 , Dwight , 76 , 10 , 0 , 14498 , 10
299 , Dylan , 100 , 6 , 1 , 12614 , 76
300 , Dylon , 83 , 9 , 1 , 11966 , 82
301 , Ean , 3 , 4 , 0 , 10636 , 75
302 , Earl , 95 , 5 , 2 , 10735 , 84
303 , Easton , 36 , 3 , 0 , 10599 , 94
304 , Eddie , 26 , 7 , 2 , 10419 , 31
305 , Eddy , 50 , 4 , 2 , 12999 , 15
306 , Edgar , 30 , 3 , 0 , 14342 , 65
307 , Edgardo , 34 , 1 , 0 , 12916 , 17
308 , Eduardo , 1 , 7 , 2 , 10885 , 58
309 , Edward , 61 , 6 , 0 , 11674 , 91
310 , Edwin , 74 , 8 , 1 , 10734 , 88
311 , Efrain , 22 , 2 , 0 , 13925 , 84
312 , Efren , 23 , 10 , 0 , 13756 , 61
313 , Eli , 97 , 3 , 2 , 10058 , 25
314 , Elian , 11 , 8 , 2 , 12345 , 84
315 , Elias , 64 , 9 , 0 , 13088 , 94
316 , Eliezer , 47 , 9 , 1 , 11700 , 31
317 , Elijah , 30 , 1 , 2 , 13783 , 37
318 , Eliseo , 81 , 9 , 1 , 10821 , 90
319 , Elisha , 65 , 5 , 1 , 13396 , 70
320 , Elliot , 96 , 7 , 2 , 14862 , 87
321 , Elliott , 71 , 1 , 2 , 14165 , 45
322 , Ellis , 66 , 1 , 2 , 11275 , 80
323 , Elmer , 26 , 10 , 0 , 13561 , 61
324 , Elvin , 12 , 2 , 1 , 12425 , 26
325 , Elvis , 1 , 9 , 0 , 13397 , 12
326 , Emanuel , 23 , 1 , 2 , 13231 , 66
327 , Emerson , 56 , 5 , 1 , 10484 , 53
328 , Emiliano , 3 , 3 , 0 , 13521 , 99
329 , Emilio , 41 , 7 , 1 , 11813 , 19
330 , Emmanuel , 6 , 3 , 2 , 14495 , 7
331 , Emmett , 44 , 1 , 1 , 10913 , 96
332 , Enrique , 1 , 7 , 1 , 11664 , 47
333 , Eric , 1 , 1 , 1 , 11933 , 77
334 , Erick , 99 , 5 , 1 , 13118 , 14
335 , Erik , 33 , 10 , 1 , 10969 , 87
336 , Ernest , 10 , 5 , 0 , 10692 , 57
337 , Ernesto , 96 , 10 , 1 , 11946 , 21
338 , Esteban , 89 , 6 , 0 , 14666 , 18
339 , Estevan , 16 , 7 , 2 , 14678 , 24
340 , Ethan , 51 , 6 , 1 , 11393 , 55
341 , Ethen , 33 , 5 , 1 , 12176 , 46
342 , Eugene , 87 , 9 , 0 , 14516 , 20
343 , Evan , 3 , 8 , 2 , 11339 , 17
344 , Everett , 52 , 7 , 0 , 10280 , 22
345 , Ezekiel , 33 , 8 , 2 , 11635 , 66
346 , Ezequiel , 26 , 2 , 1 , 12400 , 63
347 , Ezra , 51 , 10 , 2 , 13873 , 69
348 , Fabian , 97 , 3 , 2 , 13351 , 99
349 , Felipe , 32 , 3 , 1 , 11006 , 26
350 , Felix , 17 , 8 , 2 , 11677 , 21
351 , Fernando , 6 , 10 , 2 , 10359 , 42
352 , Fidel , 2 , 6 , 1 , 12554 , 78
353 , Finn , 34 , 8 , 1 , 13607 , 93
354 , Forrest , 15 , 4 , 0 , 11006 , 40
355 , Francis , 92 , 3 , 0 , 11378 , 1
356 , Francisco , 11 , 3 , 2 , 11090 , 47
357 , Frank , 74 , 8 , 0 , 13978 , 35
358 , Frankie , 89 , 9 , 1 , 12146 , 71
359 , Franklin , 42 , 3 , 1 , 11429 , 87
360 , Fred , 15 , 5 , 1 , 13580 , 46
361 , Freddie , 75 , 7 , 1 , 10117 , 4
362 , Freddy , 40 , 3 , 0 , 12713 , 83
363 , Frederick , 29 , 3 , 0 , 11506 , 53
364 , Fredrick , 64 , 1 , 1 , 13485 , 76
365 , Gabriel , 77 , 2 , 0 , 14004 , 94
366 , Gael , 32 , 3 , 0 , 11295 , 100
367 , Gage , 12 , 5 , 2 , 14576 , 17
368 , Gaige , 67 , 1 , 0 , 11828 , 11
369 , Gannon , 58 , 9 , 0 , 10902 , 67
370 , Garett , 34 , 6 , 0 , 14997 , 4
371 , Garret , 92 , 2 , 0 , 10879 , 50
372 , Garrett , 85 , 4 , 1 , 14976 , 25
373 , Garrison , 9 , 3 , 1 , 10287 , 10
374 , Gary , 87 , 5 , 1 , 11894 , 29
375 , Gaven , 39 , 1 , 1 , 14242 , 65
376 , Gavin , 85 , 10 , 1 , 13028 , 85
377 , Gavyn , 55 , 5 , 0 , 13006 , 49
378 , Geoffrey , 65 , 1 , 0 , 12767 , 81
379 , George , 83 , 5 , 0 , 11963 , 85
380 , Gerald , 83 , 10 , 1 , 12272 , 22
381 , Gerard , 85 , 7 , 2 , 14568 , 94
382 , Gerardo , 18 , 9 , 1 , 12994 , 56
383 , German , 40 , 1 , 1 , 14461 , 9
384 , Gian , 9 , 9 , 0 , 13808 , 93
385 , Giancarlo , 25 , 7 , 2 , 14166 , 38
386 , Gianni , 23 , 6 , 2 , 13956 , 49
387 , Gideon , 28 , 9 , 2 , 13293 , 47
388 , Gilbert , 73 , 4 , 1 , 10546 , 81
389 , Gilberto , 19 , 10 , 1 , 11653 , 58
390 , Gino , 21 , 6 , 0 , 13765 , 34
391 , Giovanni , 66 , 7 , 0 , 14842 , 92
392 , Giovanny , 87 , 9 , 0 , 12604 , 64
393 , Glen , 15 , 2 , 0 , 12525 , 79
394 , Glenn , 7 , 10 , 2 , 10520 , 49
395 , Gonzalo , 74 , 6 , 0 , 10575 , 18
396 , Gordon , 8 , 4 , 0 , 10572 , 59
397 , Grady , 96 , 3 , 1 , 11612 , 6
398 , Graham , 67 , 1 , 1 , 14499 , 46
399 , Grant , 3 , 7 , 0 , 14478 , 89
400 , Grayson , 54 , 2 , 2 , 12019 , 10
401 , Gregory , 76 , 9 , 0 , 12578 , 16
402 , Greyson , 58 , 1 , 1 , 11600 , 42
403 , Griffin , 54 , 10 , 2 , 10727 , 90
404 , Guadalupe , 37 , 7 , 1 , 13108 , 17
405 , Guillermo , 6 , 7 , 1 , 14567 , 12
406 , Gunnar , 94 , 2 , 2 , 14172 , 39
407 , Gunner , 2 , 1 , 2 , 12272 , 21
408 , Gustavo , 90 , 9 , 2 , 11769 , 67
409 , Guy , 79 , 7 , 1 , 11475 , 77
410 , Haden , 13 , 9 , 2 , 13336 , 54
411 , Hamza , 19 , 8 , 1 , 14478 , 89
412 , Harley , 35 , 3 , 0 , 13686 , 61
413 , Harold , 40 , 6 , 0 , 13414 , 72
414 , Harrison , 9 , 5 , 2 , 10182 , 31
415 , Harry , 35 , 1 , 1 , 10117 , 40
416 , Hassan , 59 , 10 , 0 , 14858 , 9
417 , Hayden , 63 , 3 , 1 , 12626 , 23
418 , Heath , 61 , 1 , 2 , 12990 , 51
419 , Hector , 58 , 3 , 1 , 13604 , 56
420 , Henry , 74 , 4 , 2 , 10730 , 28
421 , Herbert , 58 , 10 , 2 , 12245 , 47
422 , Heriberto , 77 , 1 , 1 , 14721 , 59
423 , Holden , 90 , 7 , 1 , 10876 , 40
424 , Houston , 87 , 4 , 0 , 14784 , 80
425 , Howard , 12 , 3 , 2 , 14563 , 80
426 , Hudson , 49 , 9 , 2 , 11324 , 30
427 , Hugh , 19 , 10 , 0 , 13946 , 15
428 , Hugo , 85 , 8 , 2 , 12996 , 94
429 , Humberto , 34 , 7 , 1 , 13418 , 97
430 , Hunter , 47 , 4 , 0 , 14313 , 51
431 , Ian , 48 , 4 , 1 , 14218 , 7
432 , Ibrahim , 27 , 5 , 0 , 13841 , 20
433 , Ignacio , 85 , 1 , 1 , 13367 , 86
434 , Immanuel , 8 , 6 , 1 , 10010 , 97
435 , Irvin , 90 , 5 , 1 , 10302 , 61
436 , Irving , 92 , 8 , 0 , 11419 , 46
437 , Isaac , 15 , 5 , 2 , 10337 , 50
438 , Isaak , 65 , 10 , 1 , 11079 , 40
439 , Isai , 4 , 7 , 2 , 13863 , 8
440 , Isaiah , 35 , 2 , 2 , 14583 , 71
441 , Isaias , 88 , 10 , 1 , 10260 , 17
442 , Isiah , 77 , 2 , 0 , 12730 , 82
443 , Ismael , 15 , 2 , 0 , 13714 , 50
444 , Israel , 55 , 7 , 2 , 14746 , 10
445 , Issac , 2 , 3 , 2 , 14856 , 2
446 , Ivan , 16 , 2 , 2 , 11000 , 77
447 , Izaiah , 67 , 3 , 0 , 13303 , 6
448 , Jabari , 86 , 5 , 1 , 13550 , 89
449 , Jace , 37 , 2 , 0 , 10522 , 76
450 , Jack , 49 , 1 , 1 , 13547 , 66
451 , Jackson , 62 , 9 , 1 , 13478 , 99
452 , Jacob , 65 , 10 , 0 , 10202 , 89
453 , Jacoby , 92 , 8 , 2 , 14411 , 73
454 , Jaden , 13 , 5 , 0 , 12301 , 81
455 , Jadon , 76 , 3 , 0 , 10706 , 40
456 , Jadyn , 43 , 3 , 2 , 14857 , 6
457 , Jaeden , 15 , 9 , 2 , 12671 , 31
458 , Jagger , 100 , 4 , 1 , 11734 , 98
459 , Jaheem , 96 , 2 , 1 , 14849 , 17
460 , Jaheim , 54 , 2 , 1 , 12222 , 45
461 , Jahiem , 18 , 9 , 0 , 14849 , 96
462 , Jaiden , 85 , 10 , 0 , 14673 , 80
463 , Jaime , 25 , 10 , 0 , 13900 , 6
464 , Jair , 34 , 3 , 2 , 12646 , 99
465 , Jairo , 21 , 7 , 1 , 11108 , 56
466 , Jake , 48 , 5 , 2 , 12268 , 81
467 , Jakob , 8 , 5 , 0 , 10860 , 26
468 , Jakobe , 6 , 5 , 1 , 10237 , 33
469 , Jalen , 81 , 5 , 0 , 11820 , 1
470 , Jamal , 23 , 9 , 1 , 14694 , 43
471 , Jamar , 97 , 8 , 0 , 10701 , 83
472 , Jamari , 12 , 6 , 1 , 10629 , 53
473 , Jamel , 99 , 2 , 1 , 12326 , 86
474 , James , 13 , 8 , 0 , 10542 , 4
475 , Jameson , 15 , 7 , 1 , 11608 , 43
476 , Jamie , 60 , 3 , 0 , 11764 , 71
477 , Jamil , 23 , 4 , 2 , 13501 , 31
478 , Jamir , 5 , 1 , 1 , 13329 , 87
479 , Jamison , 88 , 8 , 0 , 10483 , 73
480 , Jan , 86 , 1 , 1 , 10509 , 49
481 , Jaquan , 66 , 10 , 1 , 10303 , 88
482 , Jaquez , 99 , 2 , 2 , 11499 , 25
483 , Jared , 45 , 6 , 1 , 13722 , 64
484 , Jaren , 48 , 10 , 0 , 13290 , 67
485 , Jarod , 8 , 1 , 1 , 11870 , 48
486 , Jaron , 87 , 2 , 1 , 11145 , 61
487 , Jarred , 34 , 5 , 1 , 14299 , 64
488 , Jarrett , 46 , 9 , 0 , 10871 , 75
489 , Jarrod , 71 , 2 , 2 , 13042 , 48
490 , Jarvis , 44 , 3 , 0 , 12093 , 33
491 , Jase , 61 , 3 , 0 , 14462 , 12
492 , Jason , 88 , 4 , 1 , 12178 , 78
493 , Jasper , 25 , 2 , 2 , 12463 , 37
494 , Javen , 27 , 9 , 0 , 12940 , 54
495 , Javier , 88 , 7 , 2 , 14652 , 87
496 , Javion , 19 , 1 , 2 , 11561 , 91
497 , Javon , 89 , 4 , 1 , 13930 , 26
498 , Jaxon , 67 , 10 , 0 , 10844 , 14
499 , Jaxson , 73 , 5 , 1 , 11065 , 30
500 , Jay , 87 , 1 , 0 , 11284 , 32
501 , Jayce , 64 , 4 , 1 , 13305 , 14
502 , Jayden , 100 , 2 , 2 , 12218 , 59
503 , Jaydon , 41 , 4 , 1 , 10500 , 33
504 , Jaylan , 8 , 8 , 1 , 11845 , 58
505 , Jaylen , 23 , 2 , 0 , 11556 , 29
506 , Jaylin , 33 , 9 , 1 , 11170 , 42
507 , Jaylon , 51 , 3 , 1 , 12502 , 33
508 , Jayson , 13 , 6 , 0 , 13516 , 48
509 , Jean , 34 , 3 , 0 , 14558 , 47
510 , Jeff , 76 , 7 , 0 , 10703 , 13
511 , Jefferson , 54 , 6 , 1 , 11912 , 9
512 , Jeffery , 17 , 10 , 1 , 11903 , 90
513 , Jeffrey , 67 , 2 , 2 , 14168 , 73
514 , Jeremiah , 4 , 6 , 2 , 14758 , 42
515 , Jeremy , 1 , 8 , 1 , 10322 , 25
516 , Jermaine , 65 , 1 , 0 , 10177 , 38
517 , Jerome , 3 , 1 , 1 , 11711 , 88
518 , Jerry , 33 , 3 , 2 , 10477 , 24
519 , Jesse , 43 , 8 , 1 , 14881 , 15
520 , Jessie , 18 , 10 , 2 , 11418 , 73
521 , Jesus , 61 , 4 , 1 , 13316 , 72
522 , Jett , 51 , 6 , 1 , 12018 , 59
523 , Jevon , 94 , 10 , 1 , 12528 , 35
524 , Jimmy , 39 , 5 , 0 , 11488 , 67
525 , Joan , 46 , 2 , 1 , 10116 , 94
526 , Joaquin , 95 , 9 , 2 , 10521 , 22
527 , Joe , 100 , 4 , 0 , 10858 , 49
528 , Joel , 53 , 6 , 0 , 10332 , 22
529 , Joey , 21 , 3 , 2 , 12569 , 20
530 , Johan , 100 , 6 , 1 , 10788 , 28
531 , John , 43 , 6 , 2 , 10918 , 37
532 , Johnathan , 14 , 9 , 0 , 11511 , 6
533 , Johnathon , 3 , 3 , 2 , 11376 , 75
534 , Johnny , 24 , 2 , 0 , 12665 , 57
535 , Jon , 36 , 3 , 2 , 11995 , 47
536 , Jonah , 40 , 5 , 0 , 11245 , 81
537 , Jonas , 77 , 1 , 1 , 14348 , 82
538 , Jonatan , 38 , 9 , 1 , 11681 , 94
539 , Jonathan , 51 , 7 , 0 , 10381 , 63
540 , Jonathon , 20 , 9 , 2 , 10706 , 43
541 , Jordan , 19 , 5 , 2 , 13834 , 10
542 , Jorden , 31 , 6 , 0 , 10708 , 39
543 , Jordon , 30 , 1 , 0 , 13872 , 84
544 , Jordy , 65 , 1 , 2 , 14980 , 66
545 , Jorge , 24 , 9 , 0 , 12998 , 66
546 , Jose , 15 , 5 , 0 , 11669 , 67
547 , Josef , 15 , 9 , 0 , 11133 , 32
548 , Joseph , 37 , 9 , 1 , 11281 , 79
549 , Josh , 96 , 3 , 2 , 13854 , 89
550 , Joshua , 50 , 8 , 1 , 10178 , 20
551 , Josiah , 54 , 3 , 0 , 11699 , 66
552 , Josue , 1 , 5 , 2 , 13938 , 43
553 , Jovan , 33 , 6 , 1 , 10348 , 97
554 , Jovani , 15 , 9 , 2 , 12092 , 16
555 , Jovany , 67 , 1 , 1 , 14503 , 7
556 , Juan , 99 , 2 , 2 , 12399 , 84
557 , Judah , 22 , 5 , 2 , 12801 , 17
558 , Jude , 9 , 10 , 2 , 11712 , 67
559 , Julian , 61 , 10 , 2 , 12926 , 93
560 , Julien , 70 , 1 , 2 , 10941 , 74
561 , Julio , 84 , 10 , 0 , 10816 , 54
562 , Julius , 7 , 10 , 0 , 10348 , 34
563 , Junior , 31 , 3 , 1 , 11129 , 54
564 , Justice , 17 , 5 , 2 , 14261 , 12
565 , Justin , 91 , 8 , 2 , 14288 , 18
566 , Justus , 68 , 1 , 1 , 14013 , 5
567 , Justyn , 58 , 7 , 0 , 12714 , 77
568 , Kade , 20 , 6 , 0 , 14622 , 71
569 , Kaden , 36 , 6 , 1 , 10782 , 37
570 , Kadin , 75 , 8 , 2 , 13944 , 1
571 , Kai , 64 , 1 , 2 , 13870 , 62
572 , Kaiden , 63 , 4 , 0 , 12661 , 2
573 , Kale , 43 , 7 , 2 , 12202 , 92
574 , Kaleb , 44 , 2 , 2 , 14352 , 72
575 , Kameron , 22 , 1 , 0 , 13667 , 91
576 , Kamron , 76 , 7 , 0 , 12531 , 56
577 , Kane , 20 , 4 , 2 , 11888 , 27
578 , Kareem , 33 , 9 , 1 , 12615 , 36
579 , Karl , 64 , 6 , 1 , 13651 , 85
580 , Karson , 32 , 2 , 2 , 10640 , 5
581 , Kasey , 49 , 8 , 0 , 13282 , 83
582 , Kayden , 7 , 6 , 0 , 13016 , 93
583 , Keagan , 33 , 3 , 2 , 12257 , 16
584 , Keanu , 72 , 9 , 1 , 13110 , 38
585 , Keaton , 62 , 1 , 1 , 10211 , 12
586 , Keegan , 79 , 3 , 1 , 12171 , 83
587 , Keenan , 73 , 4 , 1 , 12715 , 95
588 , Keith , 44 , 2 , 1 , 12393 , 39
589 , Kellen , 76 , 7 , 1 , 10574 , 28
590 , Kelly , 27 , 8 , 1 , 11465 , 28
591 , Kelton , 46 , 9 , 2 , 12288 , 83
592 , Kelvin , 64 , 5 , 0 , 11452 , 51
593 , Kendall , 11 , 10 , 0 , 10607 , 100
594 , Kendrick , 1 , 8 , 1 , 10970 , 90
595 , Kennedy , 10 , 10 , 2 , 14283 , 42
596 , Kenneth , 34 , 6 , 0 , 14807 , 20
597 , Kenny , 99 , 4 , 0 , 14290 , 9
598 , Kent , 68 , 4 , 0 , 11054 , 95
599 , Kenyon , 88 , 9 , 0 , 10673 , 42
600 , Keon , 20 , 5 , 2 , 13848 , 62
601 , Keshawn , 81 , 9 , 1 , 10155 , 11
602 , Keven , 17 , 2 , 0 , 12497 , 87
603 , Kevin , 96 , 8 , 1 , 13999 , 38
604 , Kevon , 7 , 2 , 2 , 14478 , 68
605 , Keyon , 22 , 4 , 1 , 13901 , 33
606 , Keyshawn , 27 , 4 , 0 , 12226 , 54
607 , Khalid , 7 , 1 , 1 , 14623 , 64
608 , Khalil , 60 , 1 , 1 , 12894 , 17
609 , Kian , 3 , 8 , 0 , 10687 , 44
610 , Kieran , 12 , 10 , 1 , 13948 , 95
611 , Kirk , 15 , 9 , 1 , 11084 , 37
612 , Kobe , 93 , 5 , 2 , 12527 , 64
613 , Koby , 11 , 6 , 2 , 13347 , 78
614 , Kody , 11 , 9 , 0 , 13037 , 89
615 , Kolby , 79 , 10 , 2 , 13387 , 2
616 , Kole , 2 , 5 , 2 , 14695 , 76
617 , Kolton , 93 , 10 , 1 , 10424 , 30
618 , Korbin , 8 , 6 , 0 , 13079 , 21
619 , Korey , 98 , 4 , 2 , 11900 , 16
620 , Kory , 26 , 8 , 1 , 10340 , 14
621 , Kristian , 13 , 2 , 2 , 10786 , 58
622 , Kristofer , 11 , 9 , 2 , 11549 , 72
623 , Kristopher , 73 , 9 , 1 , 14168 , 82
624 , Kurt , 24 , 10 , 0 , 13779 , 71
625 , Kurtis , 65 , 6 , 1 , 10864 , 90
626 , Kylan , 13 , 3 , 0 , 14448 , 26
627 , Kyle , 7 , 9 , 2 , 10373 , 44
628 , Kyler , 14 , 10 , 2 , 10885 , 97
629 , Kyree , 16 , 4 , 0 , 12533 , 30
630 , Lamar , 98 , 9 , 0 , 13163 , 14
631 , Lamont , 80 , 3 , 2 , 12679 , 58
632 , Lance , 40 , 10 , 2 , 11338 , 12
633 , Landen , 87 , 6 , 1 , 13211 , 74
634 , Landon , 54 , 8 , 0 , 14451 , 15
635 , Lane , 76 , 8 , 2 , 14210 , 82
636 , Larry , 92 , 1 , 2 , 12109 , 58
637 , Latrell , 83 , 1 , 1 , 12700 , 22
638 , Lawrence , 22 , 8 , 0 , 12810 , 15
639 , Lawson , 42 , 10 , 0 , 10557 , 99
640 , Layne , 54 , 2 , 2 , 12715 , 67
641 , Layton , 54 , 3 , 1 , 10154 , 22
642 , Lee , 62 , 5 , 0 , 11293 , 99
643 , Leo , 91 , 9 , 2 , 12440 , 88
644 , Leon , 78 , 1 , 1 , 12606 , 45
645 , Leonard , 77 , 6 , 0 , 14698 , 22
646 , Leonardo , 6 , 2 , 2 , 11019 , 6
647 , Leonel , 36 , 5 , 1 , 12408 , 24
648 , Leroy , 21 , 10 , 0 , 10534 , 52
649 , Levi , 37 , 7 , 0 , 14956 , 17
650 , Lewis , 17 , 1 , 1 , 11609 , 70
651 , Liam , 51 , 7 , 1 , 11434 , 69
652 , Lincoln , 72 , 5 , 0 , 12577 , 24
653 , Lisandro , 21 , 8 , 2 , 11926 , 10
654 , Logan , 24 , 8 , 2 , 11619 , 100
655 , London , 33 , 6 , 2 , 12046 , 86
656 , Lonnie , 2 , 9 , 0 , 14305 , 44
657 , Lorenzo , 43 , 6 , 0 , 14720 , 76
658 , Louis , 59 , 1 , 0 , 12470 , 91
659 , Luc , 9 , 9 , 0 , 14029 , 81
660 , Luca , 53 , 8 , 0 , 14390 , 15
661 , Lucas , 45 , 4 , 0 , 14698 , 64
662 , Luciano , 4 , 6 , 0 , 13140 , 47
663 , Luis , 32 , 5 , 0 , 12103 , 79
664 , Lukas , 75 , 2 , 0 , 12822 , 96
665 , Luke , 63 , 5 , 2 , 14909 , 27
666 , Malachi , 64 , 6 , 1 , 10118 , 99
667 , Malakai , 29 , 9 , 0 , 12581 , 67
668 , Malcolm , 38 , 7 , 0 , 11202 , 23
669 , Malik , 7 , 6 , 0 , 11271 , 77
670 , Manuel , 15 , 9 , 1 , 14704 , 16
671 , Marc , 85 , 8 , 1 , 12381 , 24
672 , Marcel , 21 , 4 , 0 , 14723 , 5
673 , Marcelo , 85 , 3 , 0 , 10266 , 63
674 , Marco , 43 , 4 , 1 , 11241 , 15
675 , Marcos , 74 , 8 , 0 , 12975 , 17
676 , Marcus , 17 , 7 , 0 , 14004 , 71
677 , Mariano , 59 , 6 , 2 , 14119 , 72
678 , Mario , 68 , 6 , 1 , 11249 , 78
679 , Mark , 20 , 6 , 1 , 12131 , 13
680 , Markus , 23 , 3 , 2 , 13008 , 86
681 , Marlon , 67 , 6 , 2 , 14758 , 34
682 , Marquez , 78 , 8 , 0 , 12128 , 78
683 , Marquis , 65 , 5 , 0 , 10333 , 3
684 , Marquise , 91 , 2 , 2 , 11832 , 26
685 , Marshall , 3 , 8 , 2 , 10313 , 30
686 , Martin , 3 , 1 , 2 , 14220 , 68
687 , Marvin , 54 , 3 , 0 , 10427 , 24
688 , Mason , 9 , 9 , 1 , 11029 , 98
689 , Mateo , 9 , 2 , 1 , 14530 , 2
690 , Mathew , 79 , 10 , 2 , 10994 , 72
691 , Matteo , 26 , 8 , 0 , 12293 , 28
692 , Matthew , 58 , 2 , 1 , 14148 , 14
693 , Maurice , 39 , 10 , 2 , 10369 , 3
694 , Mauricio , 65 , 5 , 0 , 13905 , 7
695 , Maverick , 14 , 10 , 1 , 12262 , 82
696 , Max , 51 , 9 , 1 , 14570 , 43
697 , Maxim , 85 , 9 , 1 , 12194 , 91
698 , Maximilian , 43 , 3 , 2 , 13547 , 57
699 , Maximillian , 29 , 6 , 0 , 14066 , 84
700 , Maximo , 5 , 5 , 1 , 14869 , 51
701 , Maximus , 86 , 3 , 2 , 14581 , 67
702 , Maxwell , 57 , 9 , 1 , 13861 , 49
703 , Mekhi , 6 , 7 , 2 , 10960 , 2
704 , Melvin , 23 , 6 , 0 , 13885 , 87
705 , Micah , 43 , 1 , 1 , 10215 , 88
706 , Michael , 69 , 10 , 0 , 14120 , 56
707 , Micheal , 3 , 6 , 1 , 11513 , 88
708 , Miguel , 27 , 6 , 1 , 11243 , 34
709 , Mike , 19 , 3 , 0 , 10153 , 54
710 , Mikel , 50 , 1 , 0 , 11976 , 27
711 , Miles , 55 , 5 , 2 , 12457 , 37
712 , Milo , 62 , 1 , 0 , 14512 , 83
713 , Milton , 90 , 9 , 0 , 14999 , 66
714 , Misael , 48 , 4 , 0 , 11132 , 72
715 , Mitchel , 30 , 5 , 2 , 10021 , 14
716 , Mitchell , 3 , 7 , 1 , 11064 , 39
717 , Mohamed , 76 , 5 , 2 , 12332 , 69
718 , Mohammad , 51 , 8 , 2 , 13711 , 96
719 , Mohammed , 76 , 5 , 0 , 14837 , 24
720 , Moises , 87 , 5 , 0 , 12496 , 11
721 , Morgan , 22 , 6 , 1 , 11324 , 73
722 , Moses , 30 , 6 , 2 , 10254 , 39
723 , Moshe , 93 , 10 , 1 , 14076 , 6
724 , Muhammad , 47 , 3 , 0 , 13141 , 75
725 , Mustafa , 34 , 5 , 0 , 11425 , 15
726 , Myles , 65 , 7 , 1 , 12427 , 95
727 , Nash , 4 , 1 , 0 , 10805 , 18
728 , Nasir , 18 , 8 , 1 , 11167 , 32
729 , Nathan , 24 , 3 , 0 , 10689 , 77
730 , Nathanael , 42 , 10 , 0 , 13057 , 26
731 , Nathanial , 82 , 3 , 1 , 14327 , 70
732 , Nathaniel , 4 , 10 , 0 , 10382 , 67
733 , Nathen , 98 , 3 , 1 , 13199 , 97
734 , Neal , 5 , 9 , 0 , 11352 , 62
735 , Nehemiah , 43 , 5 , 1 , 11484 , 57
736 , Neil , 78 , 8 , 2 , 14555 , 86
737 , Nelson , 37 , 10 , 1 , 13944 , 45
738 , Nestor , 74 , 4 , 0 , 14530 , 14
739 , Nicholas , 5 , 4 , 2 , 14822 , 51
740 , Nick , 28 , 6 , 1 , 11305 , 31
741 , Nickolas , 30 , 2 , 1 , 10785 , 73
742 , Nico , 3 , 6 , 0 , 10494 , 42
743 , Nicolas , 5 , 3 , 0 , 11011 , 57
744 , Nigel , 20 , 5 , 2 , 14053 , 34
745 , Nikhil , 15 , 8 , 1 , 12295 , 52
746 , Nikolas , 69 , 3 , 2 , 10462 , 62
747 , Noah , 96 , 4 , 2 , 12098 , 49
748 , Noe , 4 , 1 , 0 , 14091 , 91
749 , Noel , 43 , 10 , 0 , 12198 , 87
750 , Nolan , 40 , 5 , 2 , 12876 , 31
751 , Norman , 11 , 6 , 0 , 11829 , 77
752 , Octavio , 70 , 10 , 0 , 10026 , 53
753 , Oliver , 42 , 7 , 2 , 10886 , 79
754 , Omar , 23 , 7 , 0 , 14217 , 38
755 , Omari , 98 , 8 , 1 , 13466 , 87
756 , Omarion , 14 , 8 , 2 , 14586 , 78
757 , Orion , 81 , 8 , 1 , 12578 , 72
758 , Orlando , 93 , 2 , 0 , 11864 , 50
759 , Osbaldo , 84 , 4 , 2 , 10868 , 33
760 , Oscar , 21 , 6 , 2 , 12741 , 99
761 , Osvaldo , 21 , 6 , 0 , 10235 , 88
762 , Oswaldo , 28 , 4 , 0 , 10168 , 82
763 , Owen , 46 , 10 , 1 , 12598 , 12
764 , Pablo , 20 , 2 , 1 , 14172 , 97
765 , Parker , 2 , 9 , 2 , 12756 , 13
766 , Patrick , 18 , 7 , 0 , 10601 , 34
767 , Paul , 50 , 7 , 2 , 11866 , 82
768 , Paxton , 39 , 6 , 2 , 11091 , 61
769 , Payton , 10 , 6 , 1 , 13542 , 39
770 , Pedro , 14 , 8 , 0 , 10272 , 89
771 , Perry , 2 , 8 , 1 , 14311 , 31
772 , Peter , 23 , 5 , 2 , 13103 , 29
773 , Peyton , 55 , 7 , 1 , 12990 , 74
774 , Philip , 48 , 3 , 0 , 11990 , 70
775 , Phillip , 42 , 8 , 1 , 11977 , 5
776 , Phoenix , 5 , 8 , 1 , 13414 , 84
777 , Pierce , 14 , 1 , 2 , 14709 , 55
778 , Pierre , 72 , 5 , 1 , 12389 , 94
779 , Porter , 98 , 10 , 1 , 12269 , 37
780 , Pranav , 38 , 7 , 2 , 10495 , 10
781 , Preston , 21 , 5 , 2 , 10264 , 16
782 , Prince , 82 , 10 , 2 , 11315 , 19
783 , Quentin , 80 , 10 , 1 , 13980 , 76
784 , Quincy , 55 , 10 , 0 , 11555 , 43
785 , Quinn , 98 , 7 , 1 , 10449 , 38
786 , Quinten , 55 , 5 , 1 , 12284 , 95
787 , Quintin , 92 , 4 , 1 , 11958 , 90
788 , Quinton , 68 , 10 , 1 , 12555 , 73
789 , Rafael , 45 , 4 , 1 , 11374 , 22
790 , Rahul , 72 , 1 , 1 , 14963 , 99
791 , Ralph , 84 , 5 , 2 , 14915 , 39
792 , Ramiro , 3 , 6 , 2 , 10500 , 33
793 , Ramon , 47 , 3 , 2 , 10423 , 18
794 , Randall , 28 , 6 , 1 , 13441 , 16
795 , Randy , 71 , 8 , 0 , 11590 , 47
796 , Raphael , 85 , 1 , 0 , 12368 , 75
797 , Rashad , 4 , 1 , 0 , 14485 , 69
798 , Raul , 88 , 3 , 0 , 10688 , 38
799 , Ray , 46 , 9 , 1 , 11579 , 37
800 , Raymond , 82 , 7 , 0 , 13398 , 28
801 , Raymundo , 39 , 2 , 1 , 10848 , 32
802 , Reagan , 27 , 8 , 0 , 13418 , 60
803 , Reece , 5 , 2 , 1 , 11026 , 43
804 , Reed , 94 , 9 , 1 , 14173 , 28
805 , Reese , 32 , 5 , 0 , 14881 , 39
806 , Reginald , 43 , 9 , 1 , 12301 , 89
807 , Reid , 47 , 4 , 1 , 10027 , 8
808 , Reilly , 27 , 4 , 1 , 12692 , 63
809 , Remington , 54 , 7 , 0 , 10058 , 33
810 , Rene , 6 , 5 , 0 , 13457 , 65
811 , Reuben , 67 , 5 , 1 , 11412 , 53
812 , Rey , 56 , 6 , 2 , 12949 , 65
813 , Reynaldo , 73 , 4 , 0 , 13642 , 32
814 , Rhett , 58 , 7 , 1 , 12053 , 94
815 , Ricardo , 73 , 9 , 0 , 12656 , 45
816 , Richard , 34 , 8 , 2 , 11723 , 22
817 , Rickey , 46 , 10 , 2 , 13157 , 88
818 , Ricky , 9 , 6 , 2 , 13662 , 76
819 , Rigoberto , 13 , 5 , 1 , 10154 , 15
820 , Riley , 29 , 2 , 1 , 11888 , 14
821 , River , 9 , 10 , 0 , 13722 , 21
822 , Robert , 95 , 8 , 1 , 14585 , 65
823 , Roberto , 67 , 3 , 1 , 12594 , 81
824 , Rocco , 66 , 9 , 1 , 10659 , 41
825 , Roderick , 39 , 2 , 1 , 11758 , 82
826 , Rodney , 47 , 4 , 0 , 14635 , 30
827 , Rodolfo , 32 , 1 , 0 , 12583 , 95
828 , Rodrigo , 43 , 4 , 0 , 13026 , 33
829 , Rogelio , 97 , 8 , 1 , 10217 , 91
830 , Roger , 15 , 1 , 0 , 13046 , 78
831 , Rohan , 30 , 9 , 0 , 13886 , 77
832 , Roland , 79 , 2 , 2 , 10228 , 20
833 , Rolando , 32 , 1 , 2 , 11919 , 42
834 , Roman , 75 , 5 , 2 , 12542 , 57
835 , Romeo , 14 , 1 , 1 , 13424 , 9
836 , Ronald , 63 , 9 , 1 , 12818 , 36
837 , Ronaldo , 17 , 5 , 0 , 14634 , 30
838 , Ronan , 87 , 10 , 1 , 11317 , 69
839 , Ronnie , 70 , 7 , 2 , 13626 , 27
840 , Rory , 84 , 8 , 2 , 12527 , 57
841 , Ross , 76 , 7 , 1 , 12069 , 97
842 , Rowan , 73 , 7 , 0 , 11179 , 51
843 , Roy , 89 , 9 , 0 , 12280 , 58
844 , Ruben , 59 , 5 , 2 , 12125 , 87
845 , Rudy , 16 , 8 , 2 , 13347 , 47
846 , Russell , 83 , 2 , 1 , 12161 , 57
847 , Ryan , 27 , 9 , 1 , 14715 , 39
848 , Ryder , 26 , 6 , 1 , 10089 , 17
849 , Rylan , 9 , 5 , 0 , 10209 , 63
850 , Rylee , 89 , 10 , 0 , 11295 , 29
851 , Ryley , 92 , 9 , 0 , 11597 , 84
852 , Sabastian , 25 , 9 , 1 , 10513 , 60
853 , Sage , 70 , 2 , 1 , 10601 , 29
854 , Salvador , 24 , 10 , 1 , 13716 , 69
855 , Salvatore , 73 , 2 , 0 , 11186 , 3
856 , Sam , 8 , 9 , 0 , 11052 , 15
857 , Samir , 1 , 8 , 1 , 13960 , 24
858 , Sammy , 19 , 3 , 0 , 12014 , 2
859 , Samson , 60 , 5 , 0 , 10337 , 87
860 , Samuel , 46 , 5 , 1 , 11130 , 42
861 , Santiago , 16 , 5 , 1 , 14617 , 49
862 , Santino , 36 , 2 , 2 , 13691 , 82
863 , Santos , 40 , 2 , 2 , 12002 , 59
864 , Saul , 97 , 2 , 0 , 10341 , 88
865 , Savion , 92 , 9 , 0 , 11491 , 79
866 , Sawyer , 38 , 5 , 1 , 14422 , 78
867 , Scott , 53 , 9 , 2 , 14602 , 5
868 , Seamus , 99 , 9 , 2 , 10432 , 94
869 , Sean , 51 , 3 , 0 , 11024 , 10
870 , Sebastian , 73 , 3 , 1 , 12349 , 43
871 , Semaj , 40 , 8 , 0 , 12260 , 89
872 , Sergio , 38 , 7 , 0 , 11871 , 2
873 , Seth , 47 , 2 , 2 , 11455 , 51
874 , Shamar , 96 , 2 , 0 , 14569 , 68
875 , Shane , 7 , 8 , 1 , 10570 , 27
876 , Shannon , 55 , 1 , 0 , 12854 , 53
877 , Shaun , 13 , 4 , 2 , 12692 , 85
878 , Shawn , 78 , 5 , 2 , 14904 , 68
879 , Shayne , 15 , 5 , 0 , 10804 , 82
880 , Shea , 13 , 1 , 0 , 10686 , 72
881 , Sheldon , 80 , 9 , 2 , 13181 , 49
882 , Shemar , 51 , 3 , 0 , 11327 , 16
883 , Sidney , 82 , 10 , 0 , 11703 , 94
884 , Silas , 67 , 4 , 0 , 12125 , 36
885 , Simon , 75 , 10 , 0 , 13048 , 18
886 , Sincere , 61 , 5 , 1 , 10459 , 55
887 , Skylar , 18 , 8 , 2 , 12385 , 80
888 , Skyler , 22 , 1 , 0 , 14517 , 71
889 , Solomon , 100 , 2 , 0 , 10964 , 7
890 , Sonny , 24 , 2 , 2 , 10882 , 89
891 , Spencer , 45 , 3 , 2 , 13180 , 76
892 , Stanley , 93 , 5 , 0 , 11359 , 42
893 , Stefan , 54 , 4 , 2 , 12412 , 18
894 , Stephan , 86 , 8 , 0 , 12061 , 42
895 , Stephen , 87 , 9 , 2 , 14009 , 70
896 , Stephon , 98 , 2 , 2 , 11345 , 40
897 , Sterling , 96 , 3 , 0 , 13514 , 45
898 , Steve , 46 , 5 , 1 , 10105 , 40
899 , Steven , 6 , 2 , 1 , 10062 , 92
900 , Stone , 86 , 1 , 1 , 14173 , 81
901 , Stuart , 54 , 6 , 0 , 10659 , 87
902 , Sullivan , 71 , 7 , 1 , 13293 , 71
903 , Syed , 58 , 4 , 2 , 11443 , 19
904 , Talon , 43 , 8 , 0 , 10755 , 88
905 , Tanner , 100 , 6 , 2 , 13143 , 55
906 , Tariq , 83 , 4 , 2 , 14150 , 79
907 , Tate , 89 , 3 , 1 , 13312 , 85
908 , Tavion , 100 , 3 , 0 , 14130 , 33
909 , Taylor , 9 , 1 , 0 , 10588 , 7
910 , Terrance , 30 , 5 , 1 , 12592 , 82
911 , Terrell , 19 , 2 , 2 , 10363 , 59
912 , Terrence , 69 , 9 , 1 , 11394 , 55
913 , Terry , 11 , 8 , 0 , 13403 , 92
914 , Thaddeus , 72 , 2 , 0 , 11943 , 3
915 , Theodore , 61 , 7 , 1 , 11064 , 28
916 , Thomas , 41 , 9 , 0 , 11277 , 72
917 , Timothy , 53 , 5 , 2 , 11010 , 96
918 , Titus , 74 , 9 , 2 , 12503 , 67
919 , Tobias , 54 , 5 , 1 , 12753 , 21
920 , Toby , 60 , 1 , 1 , 12207 , 42
921 , Todd , 36 , 1 , 1 , 11458 , 21
922 , Tomas , 96 , 7 , 2 , 11440 , 95
923 , Tommy , 66 , 2 , 0 , 10152 , 57
924 , Tony , 29 , 10 , 2 , 12555 , 9
925 , Trace , 10 , 1 , 2 , 13932 , 45
926 , Travis , 41 , 6 , 1 , 11646 , 10
927 , Travon , 91 , 2 , 1 , 10170 , 31
928 , Tre , 72 , 4 , 0 , 10855 , 37
929 , Trent , 11 , 6 , 2 , 11695 , 95
930 , Trenton , 21 , 9 , 1 , 12143 , 35
931 , Trever , 45 , 1 , 2 , 14950 , 42
932 , Trevin , 48 , 9 , 1 , 14826 , 46
933 , Trevion , 29 , 1 , 0 , 10749 , 72
934 , Trevon , 51 , 10 , 1 , 14934 , 77
935 , Trevor , 98 , 7 , 1 , 12709 , 41
936 , Trey , 20 , 4 , 2 , 11453 , 25
937 , Treyton , 38 , 8 , 0 , 11278 , 61
938 , Tristan , 31 , 6 , 1 , 11407 , 93
939 , Tristen , 59 , 3 , 1 , 11020 , 4
940 , Tristian , 26 , 10 , 0 , 12407 , 78
941 , Tristin , 100 , 7 , 0 , 11548 , 83
942 , Triston , 35 , 8 , 0 , 10963 , 85
943 , Troy , 97 , 2 , 0 , 13319 , 94
944 , Trystan , 67 , 7 , 1 , 12869 , 51
945 , Tucker , 89 , 2 , 2 , 13649 , 63
946 , Turner , 47 , 1 , 0 , 12294 , 76
947 , Ty , 62 , 4 , 1 , 14376 , 84
948 , Tyler , 77 , 7 , 0 , 14985 , 71
949 , Tylor , 16 , 4 , 1 , 13421 , 48
950 , Tyree , 69 , 3 , 2 , 13727 , 73
951 , Tyrell , 45 , 10 , 1 , 11568 , 33
952 , Tyrese , 38 , 10 , 0 , 11354 , 15
953 , Tyrone , 10 , 1 , 1 , 12275 , 13
954 , Tyshawn , 25 , 7 , 1 , 14231 , 99
955 , Tyson , 59 , 6 , 0 , 12165 , 47
956 , Ulises , 74 , 4 , 1 , 13252 , 92
957 , Ulysses , 73 , 7 , 1 , 10102 , 24
958 , Uriel , 78 , 9 , 1 , 12125 , 33
959 , Vance , 76 , 9 , 0 , 10612 , 93
960 , Vaughn , 4 , 4 , 1 , 13105 , 54
961 , Vernon , 10 , 6 , 0 , 10648 , 45
962 , Vicente , 70 , 6 , 1 , 11289 , 67
963 , Victor , 3 , 1 , 2 , 14049 , 10
964 , Vincent , 88 , 1 , 0 , 10103 , 72
965 , Wade , 29 , 8 , 1 , 10795 , 23
966 , Walker , 24 , 2 , 1 , 10407 , 76
967 , Walter , 42 , 7 , 0 , 13084 , 46
968 , Warren , 12 , 5 , 1 , 10619 , 12
969 , Waylon , 58 , 2 , 0 , 11452 , 9
970 , Wayne , 55 , 6 , 2 , 12102 , 30
971 , Wesley , 33 , 6 , 0 , 10005 , 7
972 , Weston , 44 , 3 , 0 , 12766 , 29
973 , Will , 29 , 4 , 2 , 12379 , 58
974 , William , 85 , 7 , 2 , 10336 , 51
975 , Willie , 43 , 3 , 1 , 13394 , 2
976 , Wilson , 71 , 4 , 2 , 11847 , 67
977 , Winston , 2 , 10 , 1 , 10911 , 22
978 , Wyatt , 60 , 6 , 2 , 12501 , 57
979 , Xander , 13 , 6 , 2 , 11512 , 42
980 , Xavier , 52 , 7 , 2 , 14961 , 66
981 , Xzavier , 23 , 7 , 0 , 10889 , 32
982 , Yadiel , 56 , 8 , 2 , 14291 , 4
983 , Yahir , 59 , 2 , 0 , 14136 , 21
984 , Yosef , 100 , 6 , 2 , 14197 , 62
985 , Zachariah , 86 , 2 , 0 , 14999 , 19
986 , Zachary , 86 , 4 , 0 , 12464 , 95
987 , Zachery , 52 , 5 , 1 , 12539 , 41
988 , Zack , 64 , 5 , 1 , 13379 , 38
989 , Zackary , 10 , 2 , 0 , 14148 , 18
990 , Zackery , 12 , 9 , 2 , 12763 , 88
991 , Zain , 78 , 3 , 0 , 12649 , 45
992 , Zaire , 6 , 5 , 0 , 12333 , 27
993 , Zakary , 28 , 6 , 2 , 11974 , 35
994 , Zander , 50 , 4 , 2 , 12566 , 51
995 , Zane , 62 , 2 , 2 , 14550 , 1
996 , Zavier , 56 , 4 , 0 , 10180 , 47
997 , Zayne , 21 , 3 , 2 , 13672 , 67
998 , Zechariah , 63 , 10 , 0 , 12968 , 82
999 , Zion , 80 , 2 , 1 , 11686 , 54
