0 , Aaliyah , 29 , 6 , 0 , 12150 , 1
1 , Abagail , 59 , 4 , 2 , 10704 , 0
2 , Abbey , 55 , 6 , 0 , 10194 , 1
3 , Abbie , 51 , 6 , 1 , 10058 , 0
4 , Abbigail , 44 , 6 , 0 , 13287 , 0
5 , Abby , 57 , 10 , 2 , 10490 , 2
6 , Abigail , 49 , 1 , 0 , 13384 , 0
7 , Abigale , 95 , 4 , 2 , 10331 , 2
8 , Abigayle , 41 , 5 , 2 , 12839 , 1
9 , Abril , 35 , 7 , 2 , 11398 , 1
10 , Addison , 80 , 5 , 2 , 12490 , 0
11 , Adeline , 30 , 9 , 2 , 14750 , 1
12 , Adriana , 53 , 4 , 1 , 11541 , 0
13 , Adrianna , 82 , 9 , 0 , 11319 , 2
14 , Adrienne , 78 , 2 , 2 , 12779 , 2
15 , Aileen , 40 , 9 , 0 , 14552 , 1
16 , Aimee , 49 , 10 , 2 , 12362 , 0
17 , Ainsley , 63 , 3 , 0 , 10430 , 1
18 , Aisha , 8 , 4 , 0 , 13618 , 1
19 , Aiyana , 29 , 5 , 1 , 11467 , 2
20 , Aja , 75 , 1 , 1 , 13096 , 1
21 , Akira , 6 , 4 , 2 , 10430 , 1
22 , Alaina , 91 , 8 , 0 , 12406 , 0
23 , Alana , 70 , 2 , 1 , 10688 , 2
24 , Alanis , 85 , 9 , 1 , 13323 , 0
25 , Alanna , 66 , 5 , 0 , 11488 , 0
26 , Alayna , 7 , 9 , 0 , 12503 , 1
27 , Aleah , 39 , 8 , 0 , 13823 , 0
28 , Alejandra , 78 , 8 , 0 , 14392 , 0
29 , Alena , 90 , 5 , 0 , 12849 , 2
30 , Alessandra , 50 , 10 , 0 , 13762 , 1
31 , Alex , 10 , 5 , 0 , 10357 , 1
32 , Alexa , 5 , 7 , 2 , 11022 , 0
33 , Alexandra , 38 , 2 , 0 , 13058 , 1
34 , Alexandrea , 20 , 4 , 2 , 11684 , 2
35 , Alexandria , 9 , 2 , 1 , 12845 , 2
36 , Alexia , 24 , 4 , 1 , 10674 , 1
37 , Alexis , 55 , 5 , 2 , 14425 , 0
38 , Alexus , 26 , 10 , 0 , 11202 , 1
39 , Alexys , 32 , 1 , 2 , 14898 , 2
40 , Alia , 100 , 7 , 2 , 11438 , 2
41 , Alice , 72 , 8 , 2 , 12765 , 1
42 , Alicia , 94 , 6 , 1 , 12624 , 1
43 , Alina , 86 , 5 , 1 , 13243 , 0
44 , Alisa , 82 , 5 , 1 , 13060 , 2
45 , Alisha , 86 , 3 , 2 , 10447 , 1
46 , Alison , 20 , 6 , 0 , 12896 , 0
47 , Alissa , 4 , 3 , 0 , 10703 , 0
48 , Alivia , 86 , 5 , 1 , 14175 , 0
49 , Aliya , 70 , 3 , 1 , 10279 , 0
50 , Aliyah , 37 , 7 , 0 , 14445 , 2
51 , Aliza , 66 , 8 , 0 , 14315 , 1
52 , Alize , 30 , 5 , 2 , 11723 , 2
53 , Allie , 25 , 3 , 1 , 10603 , 2
54 , Allison , 4 , 8 , 0 , 13328 , 1
55 , Ally , 66 , 4 , 0 , 11857 , 2
56 , Allyson , 79 , 3 , 1 , 14709 , 1
57 , Allyssa , 91 , 7 , 0 , 13687 , 0
58 , Alma , 76 , 2 , 1 , 10826 , 2
59 , Alondra , 67 , 9 , 2 , 13339 , 1
60 , Alycia , 59 , 8 , 1 , 11237 , 0
61 , Alysa , 68 , 5 , 0 , 11329 , 2
62 , Alysha , 69 , 9 , 2 , 11284 , 2
63 , Alyson , 35 , 3 , 2 , 14728 , 2
64 , Alyssa , 37 , 9 , 2 , 13290 , 1
65 , Amanda , 91 , 1 , 0 , 13987 , 1
66 , Amani , 25 , 6 , 1 , 13538 , 2
67 , Amara , 95 , 2 , 1 , 11901 , 0
68 , Amari , 65 , 4 , 0 , 14095 , 2
69 , Amaya , 84 , 9 , 0 , 14487 , 0
70 , Amber , 56 , 2 , 2 , 11702 , 1
71 , Amelia , 37 , 4 , 0 , 11119 , 1
72 , America , 30 , 10 , 0 , 13781 , 0
73 , Amina , 96 , 8 , 0 , 11885 , 1
74 , Amira , 46 , 7 , 0 , 12532 , 0
75 , Amy , 43 , 9 , 1 , 11319 , 2
76 , Amya , 81 , 3 , 0 , 14247 , 0
77 , Ana , 43 , 3 , 2 , 11840 , 2
78 , Anabel , 65 , 6 , 2 , 10161 , 2
79 , Anahi , 43 , 4 , 0 , 13199 , 1
80 , Anais , 39 , 8 , 0 , 12349 , 2
81 , Anastasia , 2 , 3 , 0 , 11546 , 2
82 , Anaya , 43 , 2 , 2 , 14897 , 0
83 , Andrea , 64 , 2 , 0 , 11092 , 1
84 , Angel , 31 , 4 , 1 , 14971 , 2
85 , Angela , 50 , 10 , 0 , 11924 , 1
86 , Angelica , 6 , 9 , 0 , 12385 , 0
87 , Angelina , 55 , 3 , 0 , 12612 , 0
88 , Angeline , 18 , 6 , 2 , 12898 , 0
89 , Angelique , 36 , 2 , 2 , 10586 , 2
90 , Angie , 38 , 5 , 2 , 11537 , 1
91 , Anika , 4 , 7 , 2 , 11978 , 0
92 , Anissa , 83 , 1 , 0 , 11673 , 1
93 , Anita , 2 , 2 , 0 , 11014 , 1
94 , Aniya , 6 , 9 , 1 , 13614 , 2
95 , Aniyah , 99 , 6 , 1 , 10919 , 1
96 , Anjali , 85 , 8 , 1 , 12252 , 1
97 , Ann , 45 , 9 , 1 , 10947 , 1
98 , Anna , 30 , 1 , 2 , 11462 , 0
99 , Annabel , 85 , 8 , 1 , 13706 , 2
100 , Annabella , 22 , 1 , 0 , 14109 , 1
101 , Annabelle , 15 , 4 , 2 , 14884 , 0
102 , Annalise , 47 , 4 , 2 , 10685 , 1
103 , Anne , 36 , 4 , 0 , 14578 , 2
104 , Annette , 77 , 5 , 2 , 12081 , 0
105 , Annie , 56 , 7 , 2 , 14846 , 2
106 , Annika , 97 , 10 , 1 , 10584 , 2
107 , Ansley , 59 , 5 , 2 , 12947 , 1
108 , Antonia , 72 , 1 , 1 , 13990 , 1
109 , Anya , 40 , 4 , 2 , 12435 , 2
110 , April , 1 , 10 , 2 , 13519 , 1
111 , Araceli , 90 , 7 , 2 , 11975 , 0
112 , Aracely , 96 , 2 , 1 , 14604 , 0
113 , Arely , 88 , 8 , 2 , 14376 , 0
114 , Aria , 78 , 1 , 2 , 11431 , 2
115 , Ariana , 9 , 5 , 2 , 14215 , 1
116 , Arianna , 24 , 7 , 1 , 13785 , 0
117 , Ariel , 46 , 7 , 1 , 10017 , 1
118 , Arielle , 25 , 9 , 2 , 11551 , 2
119 , Arlene , 33 , 8 , 2 , 14362 , 2
120 , Armani , 59 , 5 , 0 , 12609 , 0
121 , Aryanna , 33 , 7 , 1 , 12346 , 0
122 , Ashanti , 67 , 5 , 2 , 10140 , 0
123 , Ashlee , 4 , 8 , 0 , 13796 , 1
124 , Ashleigh , 77 , 1 , 1 , 10821 , 0
125 , Ashley , 56 , 3 , 2 , 11104 , 2
126 , Ashly , 51 , 7 , 2 , 12256 , 2
127 , Ashlyn , 22 , 2 , 2 , 12146 , 1
128 , Ashlynn , 1 , 5 , 2 , 10586 , 0
129 , Ashton , 29 , 2 , 1 , 10073 , 2
130 , Ashtyn , 16 , 5 , 2 , 12664 , 1
131 , Asia , 84 , 7 , 0 , 13844 , 1
132 , Aspen , 65 , 6 , 2 , 14277 , 1
133 , Astrid , 5 , 8 , 0 , 11586 , 1
134 , Athena , 12 , 9 , 0 , 14070 , 0
135 , Aubree , 64 , 3 , 2 , 13579 , 1
136 , Aubrey , 78 , 1 , 2 , 10797 , 0
137 , Aubrie , 99 , 7 , 2 , 11951 , 2
138 , Audrey , 61 , 4 , 0 , 13883 , 0
139 , Aurora , 12 , 3 , 0 , 13965 , 1
140 , Autumn , 89 , 9 , 1 , 13641 , 0
141 , Ava , 50 , 1 , 2 , 14231 , 2
142 , Avery , 89 , 10 , 2 , 11496 , 0
143 , Ayana , 47 , 2 , 1 , 12455 , 1
144 , Ayanna , 9 , 9 , 2 , 14740 , 0
145 , Ayla , 20 , 4 , 2 , 10897 , 1
146 , Aylin , 85 , 3 , 0 , 14238 , 0
147 , Baby , 18 , 9 , 2 , 12970 , 0
148 , Bailee , 98 , 6 , 0 , 11037 , 1
149 , Bailey , 24 , 5 , 0 , 12265 , 0
150 , Barbara , 90 , 8 , 0 , 12925 , 0
151 , Baylee , 73 , 10 , 0 , 10609 , 2
152 , Beatriz , 90 , 1 , 0 , 11875 , 1
153 , Belen , 45 , 9 , 0 , 11111 , 2
154 , Bella , 86 , 2 , 2 , 13105 , 2
155 , Berenice , 38 , 10 , 2 , 12489 , 0
156 , Bethany , 47 , 4 , 2 , 13497 , 0
157 , Bianca , 79 , 10 , 2 , 13633 , 1
158 , Blanca , 63 , 5 , 0 , 13299 , 1
159 , Brandi , 95 , 9 , 0 , 13809 , 0
160 , Brandy , 65 , 9 , 0 , 10445 , 2
161 , Breana , 34 , 1 , 1 , 11718 , 2
162 , Breanna , 18 , 1 , 2 , 13087 , 2
163 , Brenda , 14 , 5 , 2 , 10843 , 2
164 , Brenna , 72 , 1 , 0 , 11247 , 1
165 , Breonna , 90 , 5 , 1 , 12230 , 0
166 , Bria , 63 , 7 , 2 , 10129 , 2
167 , Briana , 93 , 2 , 2 , 13523 , 2
168 , Brianna , 37 , 7 , 1 , 13768 , 0
169 , Brianne , 74 , 7 , 1 , 12185 , 1
170 , Bridget , 9 , 7 , 1 , 13269 , 0
171 , Brielle , 36 , 7 , 2 , 10391 , 2
172 , Brionna , 76 , 4 , 1 , 13712 , 2
173 , Brisa , 61 , 6 , 2 , 12061 , 2
174 , Britney , 19 , 6 , 1 , 12742 , 0
175 , Brittany , 64 , 9 , 1 , 11087 , 1
176 , Brittney , 89 , 4 , 2 , 14868 , 2
177 , Brooke , 25 , 7 , 2 , 10220 , 2
178 , Brooklyn , 88 , 3 , 2 , 10014 , 2
179 , Brooklynn , 28 , 2 , 1 , 11823 , 1
180 , Bryana , 89 , 2 , 2 , 13223 , 0
181 , Bryanna , 81 , 3 , 1 , 12724 , 1
182 , Brynn , 68 , 1 , 0 , 13720 , 1
183 , Cadence , 81 , 2 , 1 , 10346 , 1
184 , Caitlin , 27 , 8 , 2 , 14272 , 0
185 , Caitlyn , 37 , 5 , 2 , 13776 , 2
186 , Cali , 75 , 5 , 0 , 13410 , 1
187 , Calista , 37 , 4 , 1 , 10857 , 1
188 , Callie , 43 , 4 , 2 , 10908 , 0
189 , Cameron , 63 , 3 , 1 , 13998 , 0
190 , Camila , 39 , 5 , 1 , 10718 , 0
191 , Camille , 20 , 10 , 1 , 11172 , 0
192 , Camryn , 56 , 5 , 2 , 13365 , 2
193 , Candace , 21 , 9 , 0 , 13218 , 0
194 , Candice , 20 , 5 , 1 , 12411 , 0
195 , Cara , 28 , 2 , 1 , 12335 , 0
196 , Carina , 68 , 5 , 0 , 14667 , 1
197 , Carissa , 57 , 6 , 1 , 11219 , 0
198 , Carla , 86 , 9 , 0 , 10022 , 0
199 , Carlee , 71 , 1 , 0 , 11992 , 0
200 , Carley , 13 , 5 , 1 , 12073 , 1
201 , Carli , 25 , 8 , 0 , 12051 , 2
202 , Carlie , 58 , 5 , 1 , 13854 , 1
203 , Carly , 94 , 6 , 0 , 10648 , 1
204 , Carmen , 91 , 2 , 1 , 12179 , 1
205 , Carol , 40 , 10 , 1 , 13589 , 0
206 , Carolina , 57 , 10 , 0 , 11025 , 1
207 , Caroline , 59 , 9 , 2 , 13111 , 0
208 , Carolyn , 10 , 10 , 2 , 12109 , 0
209 , Carrie , 59 , 10 , 0 , 12369 , 1
210 , Carson , 3 , 1 , 0 , 11960 , 2
211 , Casandra , 33 , 10 , 0 , 12109 , 1
212 , Casey , 76 , 6 , 1 , 14839 , 0
213 , Cassandra , 60 , 6 , 1 , 12211 , 0
214 , Cassidy , 59 , 4 , 1 , 11274 , 2
215 , Cassie , 11 , 1 , 1 , 10821 , 2
216 , Catalina , 77 , 7 , 2 , 13920 , 1
217 , Catherine , 68 , 3 , 2 , 10381 , 1
218 , Cayla , 31 , 2 , 2 , 14998 , 1
219 , Cecelia , 91 , 3 , 0 , 14644 , 0
220 , Cecilia , 62 , 7 , 1 , 12264 , 1
221 , Celeste , 19 , 1 , 0 , 14897 , 0
222 , Celia , 77 , 8 , 2 , 13074 , 0
223 , Celina , 37 , 1 , 1 , 14451 , 2
224 , Celine , 75 , 4 , 0 , 10890 , 0
225 , Chana , 45 , 10 , 2 , 13356 , 0
226 , Charity , 98 , 8 , 0 , 14588 , 0
227 , Charlotte , 99 , 5 , 0 , 13896 , 1
228 , Chasity , 57 , 6 , 2 , 10576 , 1
229 , Chaya , 75 , 2 , 0 , 14087 , 1
230 , Chelsea , 67 , 1 , 1 , 12262 , 0
231 , Chelsey , 54 , 6 , 0 , 11435 , 2
232 , Cheyanne , 100 , 5 , 1 , 10641 , 0
233 , Cheyenne , 95 , 1 , 0 , 11198 , 1
234 , Chloe , 18 , 8 , 0 , 11719 , 0
235 , Christa , 34 , 5 , 1 , 10031 , 1
236 , Christian , 68 , 3 , 2 , 10641 , 0
237 , Christiana , 7 , 4 , 2 , 12078 , 1
238 , Christina , 39 , 4 , 1 , 10767 , 1
239 , Christine , 94 , 1 , 2 , 14791 , 0
240 , Christy , 6 , 8 , 1 , 10200 , 2
241 , Ciara , 48 , 2 , 0 , 12122 , 2
242 , Ciera , 63 , 2 , 1 , 11475 , 0
243 , Cierra , 87 , 4 , 0 , 13107 , 1
244 , Cindy , 21 , 3 , 0 , 14004 , 0
245 , Citlali , 22 , 2 , 1 , 10446 , 2
246 , Claire , 3 , 5 , 1 , 13041 , 1
247 , Clara , 22 , 6 , 1 , 10843 , 2
248 , Clare , 13 , 4 , 1 , 13786 , 1
249 , Clarissa , 67 , 5 , 0 , 13487 , 2
250 , Claudia , 37 , 7 , 1 , 11086 , 2
251 , Colleen , 79 , 4 , 0 , 14234 , 0
252 , Cora , 44 , 6 , 1 , 12627 , 1
253 , Corinne , 8 , 7 , 1 , 12394 , 2
254 , Courtney , 79 , 4 , 1 , 11814 , 2
255 , Cristal , 92 , 8 , 1 , 10422 , 1
256 , Cristina , 90 , 4 , 2 , 12875 , 0
257 , Crystal , 63 , 1 , 1 , 12364 , 2
258 , Cynthia , 13 , 4 , 1 , 11771 , 2
259 , Daisy , 90 , 6 , 1 , 12438 , 0
260 , Dakota , 51 , 7 , 2 , 12480 , 1
261 , Dalia , 27 , 6 , 1 , 14202 , 0
262 , Damaris , 29 , 1 , 1 , 12712 , 0
263 , Dana , 34 , 10 , 0 , 12021 , 1
264 , Dania , 80 , 1 , 0 , 12176 , 0
265 , Daniela , 64 , 6 , 0 , 11258 , 1
266 , Daniella , 48 , 10 , 0 , 11680 , 1
267 , Danielle , 31 , 8 , 0 , 11246 , 2
268 , Danna , 53 , 4 , 0 , 13163 , 1
269 , Daphne , 63 , 6 , 1 , 11392 , 0
270 , Darby , 68 , 2 , 1 , 12674 , 0
271 , Darlene , 35 , 3 , 0 , 10648 , 2
272 , Dasia , 74 , 5 , 2 , 12882 , 2
273 , Dayana , 45 , 7 , 1 , 10701 , 0
274 , Deanna , 87 , 7 , 0 , 11999 , 2
275 , Deasia , 64 , 9 , 0 , 10435 , 0
276 , Deborah , 90 , 2 , 1 , 11304 , 2
277 , Deja , 74 , 7 , 1 , 11676 , 0
278 , Delaney , 77 , 6 , 2 , 13832 , 0
279 , Delilah , 9 , 8 , 2 , 12474 , 0
280 , Denise , 68 , 9 , 0 , 14080 , 2
281 , Denisse , 93 , 7 , 0 , 11566 , 1
282 , Desirae , 65 , 6 , 0 , 11393 , 0
283 , Desiree , 5 , 7 , 0 , 12420 , 1
284 , Destinee , 72 , 6 , 2 , 14526 , 2
285 , Destiney , 38 , 1 , 1 , 10385 , 2
286 , Destini , 53 , 8 , 2 , 11274 , 1
287 , Destiny , 42 , 4 , 0 , 14117 , 0
288 , Devin , 61 , 2 , 1 , 12490 , 1
289 , Devon , 31 , 9 , 2 , 14691 , 0
290 , Devyn , 76 , 5 , 1 , 10383 , 1
291 , Diamond , 24 , 6 , 2 , 10586 , 0
292 , Diana , 10 , 6 , 0 , 12505 , 2
293 , Diane , 14 , 8 , 0 , 12229 , 0
294 , Dianna , 69 , 5 , 1 , 12893 , 1
295 , Dominique , 51 , 1 , 2 , 14940 , 0
296 , Donna , 34 , 9 , 2 , 10462 , 0
297 , Dorothy , 74 , 5 , 1 , 13614 , 1
298 , Dulce , 65 , 5 , 1 , 10055 , 2
299 , Dylan , 51 , 3 , 2 , 14404 , 2
300 , Ebony , 36 , 8 , 2 , 13505 , 2
301 , Eden , 24 , 10 , 2 , 12692 , 1
302 , Edith , 48 , 4 , 0 , 11409 , 0
303 , Eileen , 28 , 7 , 2 , 11224 , 2
304 , Elaina , 5 , 2 , 0 , 14982 , 0
305 , Elaine , 41 , 3 , 0 , 10778 , 2
306 , Eleanor , 47 , 9 , 0 , 12941 , 2
307 , Elena , 34 , 9 , 2 , 10420 , 2
308 , Eliana , 100 , 9 , 1 , 11481 , 2
309 , Elisa , 77 , 3 , 1 , 13518 , 2
310 , Elisabeth , 92 , 1 , 1 , 13572 , 0
311 , Elise , 50 , 4 , 2 , 11572 , 0
312 , Elissa , 35 , 5 , 0 , 14392 , 0
313 , Eliza , 39 , 7 , 1 , 12841 , 2
314 , Elizabeth , 72 , 3 , 0 , 11071 , 2
315 , Ella , 61 , 4 , 0 , 13864 , 0
316 , Elle , 80 , 7 , 2 , 12417 , 0
317 , Ellen , 31 , 4 , 1 , 12829 , 2
318 , Ellie , 38 , 6 , 2 , 12606 , 2
319 , Elsa , 15 , 8 , 2 , 12128 , 2
320 , Elyse , 44 , 6 , 2 , 13445 , 1
321 , Elyssa , 36 , 2 , 2 , 11769 , 2
322 , Emely , 20 , 8 , 2 , 10584 , 2
323 , Emerson , 47 , 3 , 0 , 12834 , 2
324 , Emilee , 37 , 2 , 2 , 10780 , 1
325 , Emilia , 51 , 4 , 1 , 12200 , 2
326 , Emilie , 82 , 9 , 1 , 13907 , 1
327 , Emily , 14 , 5 , 1 , 12410 , 2
328 , Emma , 6 , 4 , 2 , 12059 , 1
329 , Emmalee , 98 , 2 , 2 , 10562 , 0
330 , Erica , 99 , 9 , 0 , 14670 , 1
331 , Ericka , 17 , 4 , 2 , 11489 , 0
332 , Erika , 54 , 6 , 0 , 14051 , 2
333 , Erin , 89 , 7 , 0 , 12738 , 1
334 , Esmeralda , 59 , 1 , 0 , 13453 , 0
335 , Esperanza , 52 , 10 , 1 , 10856 , 2
336 , Essence , 53 , 10 , 2 , 11867 , 2
337 , Estefani , 53 , 7 , 1 , 14778 , 1
338 , Estefania , 40 , 3 , 0 , 12444 , 2
339 , Estefany , 20 , 4 , 0 , 13494 , 0
340 , Esther , 75 , 5 , 2 , 11744 , 0
341 , Estrella , 35 , 10 , 0 , 11419 , 2
342 , Eva , 29 , 2 , 1 , 10079 , 1
343 , Eve , 24 , 1 , 2 , 11711 , 2
344 , Evelin , 37 , 7 , 1 , 13787 , 2
345 , Evelyn , 28 , 9 , 0 , 11985 , 0
346 , Fabiola , 33 , 3 , 2 , 10081 , 2
347 , Faith , 99 , 6 , 0 , 13407 , 2
348 , Fatima , 38 , 2 , 1 , 12684 , 2
349 , Felicia , 98 , 9 , 0 , 12054 , 2
350 , Felicity , 46 , 1 , 1 , 10387 , 0
351 , Fernanda , 47 , 2 , 0 , 11000 , 2
352 , Fiona , 54 , 5 , 0 , 12765 , 0
353 , Frances , 98 , 4 , 2 , 11477 , 1
354 , Francesca , 63 , 5 , 2 , 13502 , 1
355 , Frida , 94 , 1 , 0 , 11088 , 1
356 , Gabriela , 13 , 6 , 0 , 11057 , 1
357 , Gabriella , 71 , 7 , 2 , 13746 , 0
358 , Gabrielle , 100 , 7 , 1 , 12517 , 1
359 , Galilea , 5 , 1 , 0 , 13205 , 2
360 , Genesis , 27 , 6 , 2 , 12374 , 2
361 , Genevieve , 79 , 7 , 1 , 13615 , 0
362 , Georgia , 73 , 2 , 0 , 14316 , 2
363 , Gia , 73 , 10 , 1 , 14661 , 2
364 , Giana , 86 , 7 , 2 , 10184 , 2
365 , Gianna , 39 , 10 , 2 , 11657 , 0
366 , Gillian , 46 , 1 , 1 , 10405 , 2
367 , Gina , 99 , 8 , 1 , 14905 , 1
368 , Giovanna , 64 , 6 , 1 , 12216 , 1
369 , Giselle , 72 , 9 , 0 , 13268 , 2
370 , Gisselle , 40 , 3 , 1 , 12924 , 0
371 , Gloria , 38 , 5 , 1 , 12497 , 0
372 , Grace , 86 , 8 , 0 , 12925 , 1
373 , Gracie , 71 , 4 , 0 , 11428 , 0
374 , Graciela , 7 , 3 , 2 , 10752 , 0
375 , Greta , 51 , 5 , 2 , 10797 , 1
376 , Gretchen , 57 , 2 , 0 , 10177 , 2
377 , Guadalupe , 86 , 9 , 0 , 12350 , 2
378 , Gwendolyn , 80 , 5 , 2 , 14349 , 1
379 , Hadley , 95 , 6 , 1 , 12762 , 1
380 , Hailee , 3 , 7 , 0 , 10870 , 2
381 , Hailey , 57 , 6 , 1 , 12685 , 0
382 , Hailie , 93 , 9 , 0 , 11008 , 1
383 , Haleigh , 19 , 10 , 1 , 14371 , 1
384 , Haley , 4 , 7 , 1 , 13018 , 0
385 , Halie , 71 , 4 , 2 , 10376 , 2
386 , Halle , 48 , 3 , 0 , 10074 , 0
387 , Hallie , 24 , 3 , 0 , 11354 , 1
388 , Hana , 34 , 9 , 2 , 11784 , 1
389 , Hanna , 85 , 8 , 2 , 13795 , 0
390 , Hannah , 27 , 5 , 2 , 12296 , 1
391 , Harley , 17 , 5 , 1 , 11591 , 1
392 , Harmony , 67 , 6 , 2 , 14056 , 0
393 , Haven , 86 , 4 , 1 , 11269 , 2
394 , Hayden , 92 , 7 , 1 , 12058 , 2
395 , Haylee , 59 , 2 , 2 , 13488 , 1
396 , Hayley , 26 , 1 , 0 , 10914 , 0
397 , Haylie , 69 , 8 , 0 , 14642 , 0
398 , Hazel , 92 , 2 , 2 , 13985 , 2
399 , Heather , 33 , 1 , 1 , 14217 , 1
400 , Heaven , 15 , 1 , 0 , 10254 , 2
401 , Heidi , 12 , 9 , 2 , 12106 , 1
402 , Helen , 50 , 4 , 2 , 14998 , 1
403 , Helena , 23 , 2 , 0 , 14909 , 1
404 , Holly , 51 , 4 , 1 , 13319 , 0
405 , Hope , 58 , 9 , 0 , 14121 , 0
406 , Hunter , 46 , 3 , 2 , 10880 , 1
407 , Iliana , 58 , 6 , 2 , 14989 , 1
408 , Imani , 74 , 9 , 2 , 12553 , 0
409 , India , 66 , 9 , 0 , 14271 , 1
410 , Ingrid , 29 , 3 , 1 , 10774 , 0
411 , Ireland , 45 , 3 , 2 , 11047 , 0
412 , Irene , 3 , 2 , 0 , 12752 , 1
413 , Iris , 49 , 10 , 2 , 12714 , 0
414 , Isabel , 96 , 4 , 2 , 11517 , 2
415 , Isabela , 77 , 8 , 2 , 11371 , 1
416 , Isabell , 66 , 7 , 2 , 12851 , 1
417 , Isabella , 68 , 10 , 2 , 14778 , 2
418 , Isabelle , 64 , 10 , 2 , 11131 , 0
419 , Isis , 91 , 3 , 2 , 10354 , 0
420 , Itzel , 68 , 2 , 2 , 11104 , 0
421 , Ivy , 58 , 2 , 0 , 12645 , 0
422 , Iyana , 4 , 2 , 1 , 14710 , 2
423 , Iyanna , 83 , 1 , 2 , 10087 , 0
424 , Izabella , 16 , 2 , 2 , 11369 , 1
425 , Jacey , 62 , 5 , 2 , 10699 , 1
426 , Jackeline , 82 , 6 , 2 , 14158 , 2
427 , Jaclyn , 68 , 6 , 0 , 11642 , 1
428 , Jacqueline , 8 , 10 , 1 , 14943 , 1
429 , Jacquelyn , 60 , 7 , 2 , 11949 , 0
430 , Jada , 17 , 4 , 1 , 11034 , 2
431 , Jade , 58 , 3 , 2 , 11201 , 0
432 , Jaden , 74 , 5 , 0 , 13517 , 1
433 , Jadyn , 25 , 3 , 2 , 12521 , 0
434 , Jaelyn , 19 , 4 , 1 , 13553 , 0
435 , Jaida , 9 , 7 , 2 , 11154 , 1
436 , Jaiden , 28 , 6 , 0 , 10920 , 2
437 , Jaidyn , 47 , 5 , 1 , 11745 , 2
438 , Jailyn , 38 , 10 , 0 , 13638 , 0
439 , Jaime , 51 , 7 , 0 , 11471 , 2
440 , Jakayla , 61 , 8 , 1 , 12149 , 1
441 , Jaliyah , 90 , 7 , 0 , 12836 , 0
442 , Jalyn , 49 , 6 , 1 , 10521 , 2
443 , Jalynn , 9 , 10 , 1 , 14792 , 1
444 , Jamie , 82 , 9 , 0 , 10498 , 2
445 , Jamya , 25 , 2 , 1 , 10196 , 1
446 , Jana , 42 , 6 , 0 , 14083 , 2
447 , Janae , 15 , 8 , 1 , 12150 , 2
448 , Jane , 76 , 8 , 0 , 11458 , 0
449 , Janelle , 12 , 4 , 2 , 12442 , 1
450 , Janessa , 25 , 3 , 1 , 12850 , 0
451 , Janet , 2 , 8 , 0 , 13910 , 2
452 , Janice , 99 , 5 , 0 , 14091 , 2
453 , Janie , 34 , 4 , 1 , 13421 , 1
454 , Janiya , 38 , 2 , 1 , 11878 , 0
455 , Jaquelin , 41 , 10 , 2 , 13309 , 1
456 , Jaqueline , 27 , 10 , 2 , 11353 , 0
457 , Jasmin , 9 , 2 , 1 , 13834 , 1
458 , Jasmine , 90 , 8 , 0 , 13922 , 0
459 , Jasmyn , 50 , 6 , 0 , 12971 , 1
460 , Jaycee , 49 , 2 , 2 , 10672 , 1
461 , Jayda , 40 , 7 , 2 , 14433 , 2
462 , Jayde , 10 , 1 , 2 , 14046 , 1
463 , Jayden , 86 , 9 , 1 , 11522 , 1
464 , Jayla , 9 , 5 , 2 , 10085 , 1
465 , Jaylene , 29 , 4 , 1 , 13803 , 1
466 , Jaylin , 21 , 9 , 1 , 12213 , 1
467 , Jaylyn , 47 , 4 , 0 , 12992 , 0
468 , Jaylynn , 90 , 9 , 2 , 12342 , 1
469 , Jazlyn , 75 , 2 , 0 , 10540 , 2
470 , Jazmin , 44 , 5 , 2 , 14018 , 1
471 , Jazmine , 38 , 4 , 0 , 13450 , 1
472 , Jazmyn , 54 , 7 , 1 , 11811 , 1
473 , Jazmyne , 78 , 8 , 1 , 11278 , 1
474 , Jeanette , 64 , 8 , 1 , 13496 , 1
475 , Jena , 31 , 2 , 2 , 10164 , 2
476 , Jenifer , 27 , 5 , 0 , 10436 , 1
477 , Jenna , 54 , 6 , 2 , 11556 , 2
478 , Jennifer , 23 , 3 , 2 , 12689 , 2
479 , Jenny , 31 , 8 , 2 , 12886 , 0
480 , Jessica , 62 , 2 , 2 , 10805 , 0
481 , Jessie , 81 , 6 , 2 , 12576 , 1
482 , Jewel , 94 , 8 , 1 , 11302 , 2
483 , Jillian , 89 , 4 , 1 , 13024 , 1
484 , Jimena , 22 , 1 , 1 , 12207 , 2
485 , Joana , 72 , 6 , 2 , 14318 , 2
486 , Joanna , 41 , 4 , 2 , 14968 , 1
487 , Jocelyn , 37 , 3 , 0 , 13057 , 2
488 , Joelle , 52 , 1 , 1 , 14360 , 1
489 , Johana , 95 , 1 , 2 , 11282 , 0
490 , Johanna , 48 , 2 , 0 , 12854 , 1
491 , Jolie , 50 , 8 , 0 , 13731 , 2
492 , Jordan , 41 , 6 , 1 , 10661 , 1
493 , Jordyn , 52 , 6 , 1 , 11318 , 2
494 , Joselyn , 30 , 10 , 1 , 11800 , 0
495 , Josephine , 69 , 8 , 2 , 11867 , 2
496 , Josie , 80 , 2 , 2 , 11886 , 0
497 , Joslyn , 69 , 3 , 0 , 10616 , 1
498 , Journey , 47 , 3 , 2 , 10570 , 1
499 , Joy , 81 , 2 , 0 , 12359 , 2
500 , Joyce , 53 , 10 , 2 , 12202 , 0
501 , Judith , 62 , 9 , 1 , 11187 , 0
502 , Julia , 95 , 5 , 0 , 12668 , 2
503 , Juliana , 69 , 5 , 0 , 10160 , 1
504 , Julianna , 81 , 3 , 0 , 14396 , 0
505 , Julianne , 49 , 9 , 2 , 14813 , 2
506 , Julie , 48 , 9 , 0 , 13338 , 2
507 , Juliet , 51 , 2 , 0 , 10738 , 1
508 , Juliette , 4 , 4 , 1 , 11358 , 2
509 , Julissa , 55 , 4 , 2 , 13281 , 0
510 , Justice , 99 , 10 , 0 , 11975 , 1
511 , Justine , 99 , 8 , 0 , 13546 , 2
512 , Kacie , 48 , 10 , 1 , 11709 , 2
513 , Kaela , 91 , 7 , 0 , 11373 , 1
514 , Kaelyn , 23 , 7 , 1 , 10135 , 2
515 , Kaia , 40 , 9 , 2 , 13335 , 0
516 , Kaila , 43 , 8 , 1 , 14381 , 0
517 , Kailee , 17 , 4 , 2 , 14126 , 1
518 , Kailey , 98 , 1 , 2 , 10805 , 0
519 , Kailyn , 26 , 6 , 2 , 13226 , 1
520 , Kaitlin , 31 , 6 , 0 , 11285 , 2
521 , Kaitlyn , 57 , 1 , 1 , 10098 , 2
522 , Kaitlynn , 9 , 6 , 1 , 13961 , 1
523 , Kaiya , 32 , 7 , 0 , 12050 , 0
524 , Kaleigh , 56 , 7 , 1 , 14397 , 2
525 , Kaley , 52 , 10 , 1 , 11357 , 2
526 , Kali , 5 , 4 , 2 , 14261 , 1
527 , Kaliyah , 67 , 4 , 0 , 10483 , 2
528 , Kallie , 38 , 5 , 0 , 10319 , 2
529 , Kalyn , 95 , 6 , 1 , 10144 , 0
530 , Kamryn , 42 , 10 , 2 , 13025 , 0
531 , Kara , 47 , 2 , 0 , 11367 , 0
532 , Karen , 45 , 2 , 2 , 13740 , 1
533 , Kari , 39 , 5 , 0 , 10590 , 1
534 , Karina , 55 , 6 , 0 , 12589 , 0
535 , Karissa , 33 , 1 , 2 , 14088 , 0
536 , Karla , 66 , 8 , 0 , 13840 , 0
537 , Karlee , 56 , 5 , 2 , 10640 , 2
538 , Karley , 31 , 5 , 1 , 12423 , 2
539 , Karli , 30 , 5 , 2 , 11964 , 1
540 , Karlie , 87 , 5 , 1 , 11216 , 2
541 , Karly , 61 , 1 , 2 , 14692 , 1
542 , Kasandra , 35 , 7 , 0 , 11702 , 0
543 , Kasey , 98 , 2 , 0 , 12353 , 1
544 , Kassandra , 53 , 6 , 0 , 12762 , 0
545 , Kassidy , 55 , 1 , 1 , 14241 , 2
546 , Katarina , 85 , 6 , 1 , 13429 , 2
547 , Kate , 72 , 4 , 0 , 10122 , 2
548 , Katelin , 44 , 8 , 0 , 11468 , 1
549 , Katelyn , 24 , 5 , 2 , 12237 , 2
550 , Katelynn , 92 , 9 , 0 , 14099 , 2
551 , Katerina , 35 , 5 , 0 , 13202 , 1
552 , Katharine , 3 , 9 , 1 , 11337 , 0
553 , Katherine , 31 , 3 , 0 , 14858 , 0
554 , Kathleen , 12 , 10 , 2 , 14523 , 2
555 , Kathryn , 21 , 9 , 1 , 14001 , 2
556 , Kathy , 41 , 4 , 1 , 11066 , 0
557 , Katie , 54 , 9 , 0 , 14438 , 1
558 , Katlyn , 36 , 1 , 1 , 13751 , 0
559 , Katrina , 48 , 1 , 1 , 10572 , 1
560 , Katy , 36 , 9 , 2 , 11169 , 1
561 , Kaya , 87 , 7 , 1 , 13249 , 1
562 , Kayla , 37 , 6 , 2 , 11641 , 0
563 , Kaylah , 70 , 10 , 1 , 14001 , 0
564 , Kaylee , 5 , 9 , 1 , 14891 , 2
565 , Kayleigh , 90 , 1 , 1 , 10092 , 0
566 , Kayley , 33 , 8 , 2 , 11900 , 2
567 , Kayli , 30 , 5 , 1 , 11514 , 2
568 , Kaylie , 28 , 7 , 0 , 12391 , 0
569 , Kaylin , 15 , 4 , 2 , 12408 , 1
570 , Kaylyn , 28 , 8 , 1 , 12400 , 2
571 , Kaylynn , 18 , 4 , 0 , 12233 , 0
572 , Keeley , 33 , 8 , 2 , 10425 , 0
573 , Keely , 55 , 10 , 2 , 10708 , 0
574 , Keila , 63 , 7 , 1 , 11749 , 0
575 , Keira , 15 , 6 , 2 , 13557 , 1
576 , Kelli , 58 , 9 , 1 , 13635 , 0
577 , Kellie , 21 , 7 , 1 , 12499 , 0
578 , Kelly , 3 , 7 , 1 , 14537 , 2
579 , Kelsey , 51 , 7 , 0 , 13307 , 0
580 , Kelsi , 54 , 10 , 1 , 13486 , 0
581 , Kelsie , 38 , 10 , 2 , 13108 , 1
582 , Kendal , 79 , 8 , 0 , 11381 , 1
583 , Kendall , 66 , 2 , 1 , 10625 , 2
584 , Kendra , 38 , 10 , 0 , 12037 , 1
585 , Kenia , 80 , 6 , 2 , 13283 , 1
586 , Kenna , 81 , 7 , 1 , 12788 , 2
587 , Kennedi , 63 , 2 , 2 , 11990 , 0
588 , Kennedy , 26 , 8 , 1 , 11778 , 1
589 , Kenya , 43 , 3 , 0 , 10512 , 0
590 , Kenzie , 21 , 8 , 1 , 12173 , 0
591 , Keyla , 20 , 3 , 0 , 14661 , 0
592 , Kiana , 18 , 9 , 2 , 10228 , 2
593 , Kianna , 57 , 2 , 2 , 10014 , 2
594 , Kiara , 16 , 1 , 2 , 10523 , 0
595 , Kiera , 32 , 8 , 2 , 11115 , 1
596 , Kierra , 19 , 7 , 1 , 13289 , 0
597 , Kiersten , 80 , 7 , 1 , 12798 , 1
598 , Kiley , 64 , 9 , 2 , 13842 , 1
599 , Kimberly , 32 , 7 , 0 , 12510 , 0
600 , Kira , 16 , 9 , 2 , 12840 , 1
601 , Kirsten , 73 , 3 , 2 , 12444 , 0
602 , Kiya , 7 , 6 , 0 , 10884 , 0
603 , Kourtney , 93 , 9 , 2 , 14041 , 1
604 , Krista , 42 , 4 , 0 , 10794 , 0
605 , Kristen , 2 , 6 , 1 , 11314 , 0
606 , Kristin , 85 , 8 , 1 , 11580 , 2
607 , Kristina , 80 , 6 , 0 , 10197 , 1
608 , Krystal , 71 , 7 , 2 , 14010 , 1
609 , Kya , 32 , 8 , 2 , 12220 , 0
610 , Kyla , 21 , 3 , 1 , 12778 , 2
611 , Kylee , 74 , 10 , 1 , 10753 , 2
612 , Kyleigh , 80 , 9 , 2 , 12913 , 0
613 , Kylie , 78 , 7 , 1 , 11795 , 0
614 , Kyra , 52 , 1 , 1 , 12600 , 1
615 , Lacey , 62 , 9 , 0 , 12461 , 0
616 , Laila , 26 , 10 , 0 , 11446 , 2
617 , Lana , 5 , 8 , 1 , 12845 , 2
618 , Laney , 28 , 2 , 0 , 12973 , 2
619 , Lara , 32 , 3 , 1 , 13602 , 1
620 , Larissa , 81 , 5 , 2 , 14574 , 1
621 , Laura , 62 , 2 , 1 , 12364 , 1
622 , Laurel , 3 , 9 , 1 , 12087 , 0
623 , Lauren , 64 , 3 , 0 , 13534 , 1
624 , Lauryn , 56 , 10 , 1 , 12136 , 0
625 , Layla , 48 , 2 , 0 , 14733 , 2
626 , Lea , 51 , 5 , 0 , 14741 , 1
627 , Leah , 6 , 2 , 0 , 11511 , 1
628 , Leanna , 49 , 9 , 2 , 13492 , 0
629 , Leila , 57 , 5 , 0 , 12948 , 2
630 , Leilani , 60 , 9 , 1 , 11773 , 0
631 , Lena , 52 , 1 , 1 , 12636 , 1
632 , Lesley , 38 , 5 , 2 , 10756 , 0
633 , Leslie , 82 , 8 , 1 , 10597 , 0
634 , Lesly , 57 , 4 , 0 , 11995 , 0
635 , Leticia , 21 , 4 , 1 , 10060 , 0
636 , Lexi , 25 , 4 , 0 , 13827 , 1
637 , Lexie , 82 , 4 , 1 , 12094 , 1
638 , Lexus , 11 , 1 , 1 , 11316 , 2
639 , Lia , 60 , 9 , 0 , 13033 , 1
640 , Liana , 28 , 7 , 0 , 12413 , 0
641 , Libby , 33 , 7 , 2 , 13691 , 1
642 , Liberty , 71 , 4 , 2 , 14513 , 0
643 , Lila , 93 , 6 , 0 , 11660 , 0
644 , Lilian , 8 , 4 , 2 , 11390 , 1
645 , Liliana , 17 , 2 , 1 , 13417 , 0
646 , Lillian , 2 , 9 , 2 , 11758 , 0
647 , Lilliana , 71 , 1 , 2 , 13399 , 0
648 , Lillie , 92 , 1 , 2 , 10943 , 1
649 , Lilly , 69 , 9 , 1 , 12463 , 0
650 , Lily , 18 , 1 , 1 , 11333 , 2
651 , Lina , 86 , 5 , 2 , 11598 , 1
652 , Linda , 23 , 9 , 2 , 11654 , 2
653 , Lindsay , 96 , 4 , 1 , 13377 , 1
654 , Lindsey , 51 , 6 , 1 , 13406 , 1
655 , Lisa , 2 , 5 , 2 , 11767 , 1
656 , Lisbeth , 18 , 2 , 1 , 13773 , 0
657 , Litzy , 4 , 5 , 1 , 13151 , 0
658 , Lizbeth , 31 , 3 , 1 , 13641 , 0
659 , Lizeth , 24 , 9 , 2 , 10859 , 0
660 , Lizette , 68 , 1 , 2 , 11453 , 2
661 , Logan , 84 , 2 , 2 , 12077 , 2
662 , Lola , 34 , 9 , 1 , 11407 , 2
663 , London , 76 , 7 , 2 , 13477 , 2
664 , Loren , 30 , 2 , 0 , 13324 , 1
665 , Lorena , 87 , 5 , 0 , 14859 , 2
666 , Lucia , 21 , 4 , 2 , 13054 , 2
667 , Lucy , 60 , 3 , 0 , 12602 , 0
668 , Luisa , 4 , 5 , 1 , 12956 , 2
669 , Luz , 58 , 8 , 1 , 11463 , 0
670 , Lydia , 80 , 10 , 2 , 13427 , 1
671 , Lyndsey , 31 , 2 , 1 , 14921 , 2
672 , Lyric , 60 , 2 , 2 , 10685 , 1
673 , Macey , 99 , 8 , 1 , 10881 , 2
674 , Maci , 70 , 7 , 1 , 14300 , 2
675 , Macie , 17 , 1 , 2 , 13172 , 1
676 , Mackenzie , 100 , 10 , 2 , 14717 , 1
677 , Macy , 11 , 2 , 2 , 14231 , 1
678 , Madalyn , 29 , 4 , 0 , 14046 , 1
679 , Madalynn , 85 , 9 , 1 , 14687 , 1
680 , Maddison , 19 , 8 , 1 , 12447 , 2
681 , Madeleine , 37 , 2 , 0 , 10274 , 1
682 , Madeline , 71 , 9 , 1 , 12324 , 2
683 , Madelyn , 15 , 6 , 0 , 10608 , 1
684 , Madelynn , 48 , 5 , 1 , 14914 , 2
685 , Madilyn , 52 , 9 , 1 , 14768 , 0
686 , Madisen , 47 , 7 , 1 , 13393 , 1
687 , Madison , 64 , 1 , 2 , 14424 , 1
688 , Madisyn , 63 , 2 , 0 , 11402 , 1
689 , Madyson , 34 , 3 , 1 , 12995 , 2
690 , Maegan , 35 , 1 , 2 , 14767 , 0
691 , Maeve , 39 , 8 , 2 , 12241 , 1
692 , Magdalena , 27 , 8 , 2 , 10588 , 0
693 , Maggie , 6 , 7 , 0 , 12321 , 0
694 , Maia , 1 , 1 , 1 , 14112 , 0
695 , Makaila , 98 , 3 , 0 , 10407 , 1
696 , Makayla , 92 , 4 , 0 , 12734 , 0
697 , Makena , 68 , 8 , 2 , 12973 , 0
698 , Makenna , 24 , 9 , 0 , 11188 , 0
699 , Makenzie , 25 , 9 , 1 , 10851 , 2
700 , Maleah , 13 , 2 , 0 , 10772 , 1
701 , Malia , 75 , 2 , 0 , 11206 , 0
702 , Maliyah , 41 , 7 , 1 , 12740 , 2
703 , Mallory , 45 , 1 , 1 , 14205 , 1
704 , Mandy , 29 , 3 , 0 , 10674 , 0
705 , Mara , 39 , 9 , 2 , 14741 , 0
706 , Marcella , 21 , 8 , 1 , 10437 , 2
707 , Margaret , 44 , 5 , 0 , 14305 , 1
708 , Margarita , 30 , 7 , 2 , 13390 , 2
709 , Maria , 95 , 3 , 0 , 12252 , 1
710 , Mariah , 1 , 3 , 0 , 13705 , 1
711 , Mariam , 68 , 5 , 2 , 10829 , 0
712 , Mariana , 89 , 6 , 0 , 11189 , 0
713 , Marianna , 5 , 6 , 0 , 13093 , 1
714 , Maribel , 89 , 6 , 1 , 12442 , 1
715 , Marie , 94 , 4 , 1 , 12674 , 0
716 , Mariela , 63 , 1 , 2 , 10945 , 0
717 , Marilyn , 80 , 9 , 0 , 10584 , 2
718 , Marina , 70 , 4 , 0 , 14968 , 2
719 , Marisa , 52 , 2 , 1 , 10361 , 1
720 , Marisol , 53 , 10 , 2 , 10761 , 2
721 , Marissa , 14 , 7 , 0 , 13441 , 2
722 , Maritza , 59 , 7 , 2 , 12701 , 2
723 , Marlee , 97 , 3 , 0 , 13375 , 0
724 , Marlene , 60 , 9 , 0 , 11241 , 1
725 , Marley , 82 , 2 , 2 , 14185 , 0
726 , Martha , 81 , 7 , 1 , 10302 , 0
727 , Mary , 20 , 10 , 2 , 12595 , 2
728 , Maryam , 47 , 4 , 0 , 11722 , 1
729 , Mattie , 4 , 10 , 0 , 14667 , 0
730 , Maura , 48 , 4 , 0 , 11725 , 0
731 , Maya , 19 , 2 , 2 , 11935 , 2
732 , Mayra , 97 , 2 , 2 , 12333 , 1
733 , Mckayla , 60 , 3 , 1 , 12634 , 0
734 , Mckenna , 8 , 2 , 2 , 11964 , 0
735 , Mckenzie , 90 , 8 , 0 , 12485 , 0
736 , Meadow , 53 , 7 , 1 , 13076 , 0
737 , Meagan , 28 , 10 , 1 , 10440 , 0
738 , Meaghan , 49 , 8 , 0 , 10492 , 2
739 , Megan , 68 , 7 , 0 , 14252 , 0
740 , Meghan , 52 , 5 , 2 , 12601 , 2
741 , Melanie , 54 , 9 , 2 , 14401 , 0
742 , Melany , 55 , 8 , 1 , 11166 , 0
743 , Melina , 56 , 9 , 0 , 12354 , 0
744 , Melinda , 72 , 2 , 1 , 10714 , 1
745 , Melissa , 32 , 9 , 0 , 10257 , 0
746 , Melody , 98 , 4 , 1 , 11384 , 1
747 , Mercedes , 22 , 5 , 0 , 13939 , 1
748 , Meredith , 18 , 4 , 2 , 12732 , 2
749 , Mia , 84 , 2 , 0 , 14938 , 2
750 , Miah , 72 , 1 , 0 , 10636 , 2
751 , Micaela , 80 , 9 , 0 , 12226 , 2
752 , Micah , 2 , 2 , 0 , 14200 , 1
753 , Michaela , 15 , 8 , 2 , 10115 , 0
754 , Michelle , 20 , 1 , 2 , 10229 , 2
755 , Mikaela , 100 , 8 , 2 , 12159 , 1
756 , Mikayla , 5 , 3 , 0 , 10683 , 1
757 , Mina , 25 , 10 , 0 , 12701 , 0
758 , Miracle , 62 , 4 , 1 , 11587 , 1
759 , Miranda , 16 , 9 , 0 , 14162 , 2
760 , Mireya , 53 , 8 , 0 , 11874 , 1
761 , Miriam , 40 , 3 , 1 , 12815 , 0
762 , Miya , 95 , 7 , 1 , 11498 , 0
763 , Mollie , 40 , 4 , 0 , 12622 , 0
764 , Molly , 48 , 4 , 2 , 14085 , 0
765 , Monica , 90 , 8 , 2 , 13196 , 2
766 , Monique , 35 , 8 , 1 , 11165 , 1
767 , Monserrat , 98 , 10 , 0 , 10153 , 1
768 , Montana , 49 , 6 , 2 , 11362 , 2
769 , Morgan , 71 , 9 , 0 , 14594 , 1
770 , Moriah , 29 , 9 , 1 , 10767 , 0
771 , Mya , 67 , 5 , 1 , 11843 , 2
772 , Myah , 94 , 8 , 2 , 14469 , 0
773 , Myra , 55 , 10 , 2 , 12662 , 0
774 , Nadia , 99 , 9 , 2 , 13141 , 0
775 , Nancy , 65 , 4 , 1 , 10812 , 1
776 , Naomi , 74 , 5 , 2 , 12878 , 0
777 , Natalia , 46 , 8 , 2 , 12013 , 0
778 , Natalie , 73 , 3 , 1 , 12582 , 0
779 , Nataly , 93 , 10 , 1 , 14027 , 2
780 , Natasha , 75 , 5 , 1 , 12956 , 0
781 , Nathalie , 81 , 3 , 1 , 13078 , 0
782 , Nayeli , 6 , 9 , 2 , 13020 , 1
783 , Nevaeh , 30 , 6 , 0 , 13155 , 2
784 , Nia , 91 , 7 , 1 , 14616 , 0
785 , Nichole , 78 , 6 , 0 , 10623 , 1
786 , Nicole , 53 , 9 , 1 , 14407 , 2
787 , Nicolette , 7 , 7 , 0 , 13360 , 2
788 , Nikki , 84 , 3 , 1 , 13116 , 2
789 , Nina , 27 , 2 , 1 , 14036 , 1
790 , Noelia , 5 , 6 , 1 , 11391 , 2
791 , Noelle , 68 , 4 , 1 , 14090 , 2
792 , Noemi , 92 , 3 , 1 , 10316 , 2
793 , Nora , 84 , 1 , 1 , 12806 , 1
794 , Norma , 85 , 2 , 0 , 11073 , 0
795 , Nya , 75 , 8 , 1 , 11553 , 1
796 , Nyah , 33 , 10 , 2 , 12709 , 1
797 , Nyasia , 56 , 9 , 0 , 12635 , 1
798 , Nyla , 42 , 1 , 2 , 11062 , 0
799 , Odalys , 41 , 1 , 0 , 11393 , 2
800 , Olivia , 93 , 1 , 2 , 10085 , 2
801 , Paige , 8 , 2 , 1 , 12498 , 1
802 , Paloma , 25 , 3 , 1 , 11304 , 1
803 , Pamela , 47 , 4 , 1 , 10015 , 2
804 , Paola , 2 , 5 , 2 , 12508 , 0
805 , Paris , 51 , 3 , 0 , 14082 , 1
806 , Parker , 75 , 10 , 1 , 12534 , 0
807 , Patience , 11 , 6 , 2 , 13781 , 2
808 , Patricia , 21 , 3 , 1 , 14545 , 2
809 , Paula , 41 , 10 , 0 , 10594 , 0
810 , Paulina , 47 , 5 , 1 , 11506 , 0
811 , Payton , 54 , 10 , 0 , 11129 , 1
812 , Penelope , 11 , 3 , 0 , 11759 , 2
813 , Perla , 71 , 9 , 0 , 12547 , 2
814 , Peyton , 95 , 2 , 1 , 14864 , 2
815 , Phoebe , 64 , 1 , 1 , 10076 , 0
816 , Piper , 95 , 6 , 0 , 12680 , 1
817 , Precious , 74 , 3 , 0 , 11789 , 1
818 , Presley , 50 , 5 , 2 , 13257 , 1
819 , Princess , 69 , 3 , 2 , 11386 , 2
820 , Priscila , 27 , 3 , 2 , 11898 , 0
821 , Priscilla , 27 , 10 , 2 , 11655 , 2
822 , Quinn , 69 , 1 , 1 , 11024 , 1
823 , Rachael , 34 , 1 , 0 , 14085 , 0
824 , Rachel , 73 , 9 , 1 , 14721 , 2
825 , Rachelle , 79 , 9 , 2 , 13715 , 0
826 , Raegan , 56 , 2 , 0 , 12525 , 0
827 , Raina , 100 , 3 , 1 , 14774 , 2
828 , Raquel , 34 , 9 , 2 , 11277 , 0
829 , Raven , 67 , 9 , 0 , 11296 , 2
830 , Rayna , 56 , 8 , 0 , 11423 , 2
831 , Reagan , 32 , 1 , 2 , 13646 , 0
832 , Reanna , 92 , 6 , 2 , 11574 , 2
833 , Rebeca , 74 , 4 , 0 , 14737 , 2
834 , Rebecca , 85 , 1 , 1 , 10879 , 1
835 , Rebekah , 71 , 8 , 1 , 12416 , 1
836 , Reese , 26 , 10 , 0 , 12692 , 0
837 , Regan , 5 , 7 , 1 , 14077 , 2
838 , Regina , 97 , 1 , 0 , 11834 , 1
839 , Reilly , 90 , 9 , 2 , 14859 , 1
840 , Reina , 5 , 1 , 2 , 11427 , 0
841 , Renee , 38 , 9 , 2 , 14680 , 0
842 , Reyna , 2 , 8 , 0 , 14598 , 0
843 , Rhiannon , 77 , 4 , 1 , 14151 , 2
844 , Rianna , 42 , 5 , 0 , 12909 , 2
845 , Riley , 1 , 4 , 0 , 11490 , 0
846 , Rita , 100 , 3 , 1 , 11801 , 1
847 , Riya , 45 , 3 , 0 , 10942 , 0
848 , Robin , 16 , 2 , 0 , 10146 , 2
849 , Robyn , 40 , 2 , 2 , 14118 , 1
850 , Rocio , 52 , 5 , 1 , 11309 , 1
851 , Rosa , 28 , 8 , 0 , 13052 , 2
852 , Rose , 42 , 2 , 0 , 12854 , 1
853 , Rosemary , 82 , 9 , 0 , 10157 , 0
854 , Roxana , 55 , 5 , 0 , 14152 , 2
855 , Ruby , 77 , 9 , 1 , 11873 , 2
856 , Ruth , 36 , 1 , 1 , 10537 , 0
857 , Ryan , 65 , 4 , 1 , 11595 , 2
858 , Ryann , 6 , 2 , 0 , 14427 , 2
859 , Rylee , 15 , 7 , 0 , 10742 , 0
860 , Ryleigh , 73 , 5 , 0 , 12021 , 1
861 , Rylie , 11 , 9 , 1 , 10658 , 0
862 , Sabrina , 37 , 2 , 1 , 10441 , 0
863 , Sade , 57 , 2 , 1 , 14838 , 1
864 , Sadie , 80 , 7 , 2 , 11467 , 0
865 , Sage , 41 , 2 , 1 , 10038 , 1
866 , Saige , 46 , 1 , 0 , 12002 , 2
867 , Sally , 90 , 7 , 2 , 14567 , 1
868 , Salma , 100 , 1 , 1 , 12925 , 0
869 , Samantha , 98 , 8 , 1 , 13128 , 1
870 , Samara , 48 , 2 , 0 , 13648 , 0
871 , Samira , 35 , 10 , 2 , 11440 , 1
872 , Sandra , 16 , 9 , 2 , 14779 , 1
873 , Sandy , 100 , 8 , 0 , 12166 , 1
874 , Sara , 8 , 9 , 1 , 11497 , 1
875 , Sarah , 94 , 7 , 0 , 13868 , 2
876 , Sarahi , 68 , 8 , 1 , 12640 , 1
877 , Sarai , 4 , 1 , 2 , 10882 , 2
878 , Sarina , 83 , 3 , 0 , 14046 , 0
879 , Sasha , 13 , 4 , 0 , 12495 , 0
880 , Savana , 20 , 6 , 2 , 14308 , 0
881 , Savanah , 79 , 7 , 0 , 12329 , 0
882 , Savanna , 22 , 6 , 0 , 14594 , 1
883 , Savannah , 47 , 4 , 1 , 10352 , 2
884 , Scarlett , 87 , 10 , 1 , 10968 , 2
885 , Selena , 99 , 10 , 1 , 13671 , 2
886 , Selina , 29 , 3 , 2 , 10094 , 1
887 , Serena , 69 , 2 , 2 , 13976 , 1
888 , Serenity , 48 , 6 , 2 , 14828 , 0
889 , Shakira , 83 , 4 , 1 , 11185 , 0
890 , Shania , 78 , 4 , 1 , 10789 , 2
891 , Shaniya , 80 , 4 , 1 , 12554 , 1
892 , Shannon , 87 , 8 , 0 , 12404 , 2
893 , Sharon , 27 , 7 , 1 , 11194 , 0
894 , Shawna , 17 , 3 , 2 , 10891 , 1
895 , Shayla , 41 , 3 , 1 , 14994 , 0
896 , Shaylee , 83 , 1 , 0 , 14252 , 0
897 , Shayna , 46 , 5 , 2 , 14114 , 0
898 , Shea , 31 , 10 , 1 , 11459 , 0
899 , Sheila , 50 , 8 , 2 , 11626 , 1
900 , Shelby , 34 , 4 , 1 , 10273 , 2
901 , Shirley , 29 , 5 , 0 , 12315 , 1
902 , Shreya , 48 , 10 , 1 , 10704 , 2
903 , Shyann , 20 , 4 , 1 , 13635 , 0
904 , Shyanne , 65 , 4 , 1 , 14170 , 1
905 , Sidney , 44 , 6 , 1 , 10165 , 0
906 , Sienna , 57 , 4 , 1 , 14420 , 2
907 , Sierra , 89 , 7 , 2 , 12928 , 1
908 , Simone , 60 , 7 , 2 , 11342 , 2
909 , Sky , 91 , 9 , 0 , 12300 , 0
910 , Skye , 78 , 8 , 0 , 12471 , 2
911 , Skyla , 84 , 2 , 1 , 14201 , 2
912 , Skylar , 65 , 8 , 0 , 10775 , 0
913 , Skyler , 92 , 6 , 0 , 10896 , 0
914 , Sofia , 76 , 3 , 2 , 12881 , 0
915 , Sonia , 50 , 4 , 0 , 12149 , 0
916 , Sonya , 24 , 6 , 2 , 10383 , 2
917 , Sophia , 98 , 1 , 0 , 12461 , 2
918 , Sophie , 98 , 3 , 1 , 14987 , 0
919 , Stacey , 54 , 2 , 1 , 12401 , 0
920 , Stacy , 70 , 4 , 0 , 12434 , 2
921 , Stella , 5 , 2 , 1 , 11435 , 2
922 , Stephanie , 73 , 1 , 1 , 10426 , 1
923 , Stephany , 11 , 9 , 1 , 13480 , 0
924 , Summer , 92 , 9 , 0 , 11283 , 2
925 , Susan , 71 , 2 , 2 , 12280 , 0
926 , Susana , 97 , 1 , 0 , 13973 , 1
927 , Sydnee , 89 , 7 , 1 , 11859 , 1
928 , Sydney , 58 , 7 , 2 , 11659 , 2
929 , Sydni , 21 , 3 , 0 , 11892 , 1
930 , Sydnie , 49 , 10 , 0 , 12001 , 2
931 , Sylvia , 18 , 9 , 2 , 11163 , 1
932 , Tabitha , 13 , 4 , 2 , 14263 , 1
933 , Talia , 43 , 7 , 2 , 12781 , 0
934 , Taliyah , 54 , 3 , 0 , 10851 , 0
935 , Tamara , 27 , 8 , 1 , 13651 , 1
936 , Tamia , 95 , 2 , 1 , 11944 , 2
937 , Tania , 29 , 9 , 0 , 12236 , 0
938 , Taniya , 56 , 2 , 1 , 13245 , 1
939 , Tanya , 42 , 2 , 1 , 14691 , 0
940 , Tara , 76 , 4 , 0 , 11872 , 1
941 , Taryn , 27 , 2 , 1 , 12383 , 2
942 , Tatiana , 89 , 6 , 1 , 14764 , 0
943 , Tatum , 78 , 3 , 0 , 12618 , 0
944 , Tatyana , 68 , 9 , 2 , 13467 , 1
945 , Taya , 15 , 7 , 0 , 10200 , 2
946 , Tayler , 82 , 6 , 2 , 11905 , 0
947 , Taylor , 80 , 8 , 0 , 14180 , 1
948 , Teagan , 99 , 6 , 0 , 10477 , 1
949 , Teresa , 85 , 9 , 0 , 11318 , 1
950 , Tess , 99 , 9 , 0 , 10622 , 1
951 , Tessa , 84 , 6 , 1 , 11251 , 2
952 , Thalia , 95 , 2 , 1 , 10970 , 2
953 , Theresa , 34 , 6 , 0 , 11049 , 2
954 , Tia , 78 , 9 , 1 , 10890 , 1
955 , Tiana , 80 , 2 , 2 , 13130 , 0
956 , Tianna , 12 , 9 , 2 , 12210 , 2
957 , Tiara , 13 , 3 , 1 , 13355 , 2
958 , Tierra , 48 , 6 , 2 , 12168 , 1
959 , Tiffany , 39 , 8 , 1 , 14199 , 2
960 , Tina , 57 , 5 , 1 , 14262 , 0
961 , Toni , 34 , 9 , 2 , 12517 , 1
962 , Tori , 26 , 2 , 1 , 10653 , 1
963 , Tracy , 50 , 1 , 1 , 10384 , 0
964 , Trinity , 40 , 3 , 1 , 13046 , 1
965 , Trista , 100 , 2 , 1 , 11807 , 0
966 , Tristan , 57 , 10 , 1 , 11520 , 0
967 , Tyler , 46 , 1 , 1 , 11418 , 0
968 , Tyra , 43 , 2 , 0 , 12061 , 1
969 , Unique , 41 , 10 , 0 , 11692 , 1
970 , Valentina , 69 , 6 , 2 , 12662 , 0
971 , Valeria , 54 , 5 , 0 , 11085 , 1
972 , Valerie , 78 , 10 , 1 , 10710 , 1
973 , Vanesa , 56 , 5 , 2 , 10604 , 0
974 , Vanessa , 86 , 3 , 1 , 12038 , 2
975 , Veronica , 91 , 8 , 0 , 11492 , 0
976 , Victoria , 16 , 2 , 2 , 14080 , 2
977 , Violet , 11 , 7 , 2 , 14843 , 2
978 , Virginia , 29 , 4 , 1 , 13906 , 2
979 , Vivian , 11 , 3 , 1 , 12891 , 1
980 , Viviana , 66 , 3 , 2 , 12016 , 0
981 , Wendy , 78 , 5 , 0 , 11706 , 2
982 , Whitney , 14 , 4 , 0 , 13375 , 1
983 , Willow , 19 , 10 , 0 , 11816 , 0
984 , Ximena , 37 , 2 , 2 , 11902 , 1
985 , Xiomara , 43 , 1 , 1 , 14645 , 2
986 , Yadira , 97 , 2 , 2 , 10166 , 2
987 , Yasmin , 84 , 1 , 0 , 11823 , 1
988 , Yasmine , 50 , 8 , 0 , 10665 , 2
989 , Yazmin , 2 , 4 , 2 , 14460 , 1
990 , Yesenia , 78 , 6 , 1 , 11379 , 1
991 , Yessenia , 9 , 4 , 1 , 12344 , 2
992 , Yolanda , 92 , 5 , 0 , 10414 , 0
993 , Yuliana , 15 , 1 , 1 , 13812 , 1
994 , Yvette , 48 , 8 , 2 , 14870 , 1
995 , Yvonne , 30 , 10 , 2 , 11675 , 0
996 , Zaria , 57 , 4 , 2 , 12775 , 1
997 , Zoe , 79 , 1 , 0 , 13432 , 2
998 , Zoey , 22 , 4 , 0 , 13567 , 0
999 , Zoie , 75 , 2 , 1 , 10655 , 1
