5000 , 6523 , 8 , 4 , 5 , 0
5001 , 5304 , 9 , 4 , 3 , 0
5002 , 6904 , 8 , 2 , 1 , 0
5003 , 6256 , 8 , 1 , 1 , 0
5004 , 4397 , 8 , 1 , 1 , 0
5005 , 4231 , 8 , 4 , 2 , 0
5006 , 4979 , 8 , 1 , 2 , 0
5007 , 4286 , 8 , 1 , 4 , 0
5008 , 6814 , 8 , 1 , 2 , 0
5009 , 4019 , 9 , 3 , 1 , 0
5010 , 5150 , 8 , 4 , 1 , 0
5011 , 4321 , 8 , 4 , 5 , 0
5012 , 4552 , 9 , 3 , 3 , 0
5013 , 6694 , 8 , 4 , 5 , 0
5014 , 5915 , 9 , 2 , 5 , 0
5015 , 5196 , 9 , 5 , 1 , 0
5016 , 5659 , 9 , 1 , 1 , 0
5017 , 4881 , 9 , 3 , 2 , 0
5018 , 5937 , 9 , 3 , 2 , 0
5019 , 6703 , 8 , 4 , 5 , 0
5020 , 4017 , 9 , 5 , 1 , 0
5021 , 6221 , 8 , 5 , 4 , 0
5022 , 5147 , 9 , 3 , 2 , 0
5023 , 5620 , 8 , 4 , 3 , 0
5024 , 4667 , 8 , 1 , 4 , 0
5025 , 5379 , 9 , 4 , 1 , 0
5026 , 6297 , 8 , 3 , 1 , 0
5027 , 4411 , 8 , 4 , 2 , 0
5028 , 6441 , 8 , 2 , 1 , 0
5029 , 4763 , 8 , 3 , 4 , 0
5030 , 6364 , 9 , 1 , 5 , 0
5031 , 5181 , 9 , 4 , 4 , 0
5032 , 6757 , 9 , 3 , 4 , 0
5033 , 5927 , 8 , 3 , 3 , 0
5034 , 4341 , 9 , 4 , 4 , 0
5035 , 6380 , 8 , 4 , 4 , 0
5036 , 5015 , 8 , 5 , 5 , 0
5037 , 4200 , 9 , 1 , 4 , 0
5038 , 5333 , 9 , 5 , 3 , 0
5039 , 4128 , 8 , 1 , 4 , 0
5040 , 6929 , 9 , 5 , 4 , 0
5041 , 6407 , 8 , 2 , 5 , 0
5042 , 6189 , 9 , 1 , 4 , 0
5043 , 6242 , 8 , 2 , 3 , 0
5044 , 5780 , 8 , 4 , 3 , 0
5045 , 6109 , 9 , 2 , 1 , 0
5046 , 5830 , 8 , 2 , 3 , 0
5047 , 5171 , 9 , 3 , 4 , 0
5048 , 5192 , 8 , 4 , 1 , 0
5049 , 4091 , 8 , 5 , 3 , 0
5050 , 6577 , 9 , 2 , 3 , 0
5051 , 6789 , 8 , 4 , 3 , 0
5052 , 4782 , 8 , 1 , 5 , 0
5053 , 5993 , 9 , 1 , 5 , 0
5054 , 6247 , 8 , 5 , 3 , 0
5055 , 4721 , 8 , 2 , 4 , 0
5056 , 5400 , 8 , 2 , 1 , 0
5057 , 5177 , 9 , 1 , 1 , 0
5058 , 5250 , 9 , 2 , 5 , 0
5059 , 4974 , 8 , 5 , 3 , 0
5060 , 5383 , 8 , 5 , 4 , 0
5061 , 5517 , 8 , 2 , 2 , 0
5062 , 4449 , 9 , 5 , 4 , 0
5063 , 5807 , 8 , 3 , 1 , 0
5064 , 4188 , 9 , 4 , 4 , 0
5065 , 6564 , 9 , 2 , 1 , 0
5066 , 6263 , 9 , 2 , 3 , 0
5067 , 5748 , 8 , 3 , 1 , 0
5068 , 6255 , 8 , 3 , 4 , 0
5069 , 5807 , 8 , 1 , 5 , 0
5070 , 4451 , 9 , 3 , 4 , 0
5071 , 4463 , 9 , 1 , 2 , 0
5072 , 5265 , 9 , 1 , 3 , 0
5073 , 4841 , 8 , 1 , 3 , 0
5074 , 5752 , 9 , 1 , 4 , 0
5075 , 5920 , 8 , 1 , 3 , 0
5076 , 4612 , 8 , 2 , 2 , 0
5077 , 5153 , 9 , 2 , 5 , 0
5078 , 6742 , 8 , 4 , 5 , 0
5079 , 6112 , 8 , 1 , 4 , 0
5080 , 4889 , 8 , 1 , 3 , 0
5081 , 5993 , 8 , 4 , 3 , 0
5082 , 4630 , 9 , 3 , 2 , 0
5083 , 4992 , 9 , 1 , 4 , 0
5084 , 4752 , 9 , 5 , 2 , 0
5085 , 5003 , 9 , 4 , 3 , 0
5086 , 6657 , 8 , 1 , 5 , 0
5087 , 4570 , 9 , 5 , 5 , 0
5088 , 4091 , 8 , 2 , 5 , 0
5089 , 6469 , 9 , 2 , 4 , 0
5090 , 5120 , 8 , 1 , 4 , 0
5091 , 4934 , 9 , 4 , 1 , 0
5092 , 6514 , 8 , 1 , 5 , 0
5093 , 6499 , 8 , 4 , 1 , 0
5094 , 4308 , 8 , 3 , 5 , 0
5095 , 4422 , 9 , 1 , 3 , 0
5096 , 4519 , 8 , 4 , 1 , 0
5097 , 6109 , 8 , 5 , 3 , 0
5098 , 4526 , 9 , 4 , 4 , 0
5099 , 4874 , 8 , 2 , 2 , 0
5100 , 5283 , 9 , 3 , 1 , 0
5101 , 4483 , 9 , 1 , 2 , 0
5102 , 6423 , 8 , 1 , 2 , 0
5103 , 5339 , 8 , 2 , 3 , 0
5104 , 4062 , 8 , 1 , 4 , 0
5105 , 4447 , 8 , 4 , 1 , 0
5106 , 5160 , 8 , 5 , 3 , 0
5107 , 4098 , 8 , 4 , 3 , 0
5108 , 6986 , 9 , 4 , 1 , 0
5109 , 5722 , 8 , 4 , 3 , 0
5110 , 4435 , 9 , 3 , 2 , 0
5111 , 5761 , 8 , 1 , 5 , 0
5112 , 4455 , 9 , 2 , 1 , 0
5113 , 6253 , 9 , 4 , 5 , 0
5114 , 4415 , 8 , 3 , 4 , 0
5115 , 4360 , 9 , 1 , 3 , 0
5116 , 6399 , 8 , 2 , 3 , 0
5117 , 5377 , 8 , 2 , 4 , 0
5118 , 4695 , 8 , 2 , 2 , 0
5119 , 5217 , 8 , 2 , 5 , 0
5120 , 6210 , 8 , 5 , 4 , 0
5121 , 5614 , 8 , 1 , 2 , 0
5122 , 6994 , 9 , 1 , 4 , 0
5123 , 4804 , 8 , 3 , 1 , 0
5124 , 6307 , 8 , 5 , 5 , 0
5125 , 4071 , 9 , 4 , 1 , 0
5126 , 4259 , 9 , 5 , 1 , 0
5127 , 5234 , 9 , 1 , 3 , 0
5128 , 4920 , 9 , 3 , 2 , 0
5129 , 6923 , 9 , 4 , 2 , 0
5130 , 6914 , 9 , 3 , 1 , 0
5131 , 4268 , 8 , 2 , 3 , 0
5132 , 4572 , 9 , 2 , 1 , 0
5133 , 5356 , 8 , 3 , 2 , 0
5134 , 6800 , 8 , 4 , 3 , 0
5135 , 4500 , 9 , 4 , 4 , 0
5136 , 6488 , 8 , 5 , 3 , 0
5137 , 6891 , 8 , 1 , 5 , 0
5138 , 5966 , 8 , 1 , 3 , 0
5139 , 4058 , 9 , 4 , 2 , 0
5140 , 6604 , 9 , 4 , 2 , 0
5141 , 6944 , 9 , 1 , 3 , 0
5142 , 5765 , 8 , 1 , 3 , 0
5143 , 4632 , 9 , 4 , 4 , 0
5144 , 6826 , 9 , 4 , 3 , 0
5145 , 4462 , 9 , 1 , 5 , 0
5146 , 4254 , 8 , 5 , 5 , 0
5147 , 6101 , 8 , 1 , 4 , 0
5148 , 4123 , 8 , 2 , 4 , 0
5149 , 6012 , 9 , 4 , 4 , 0
5150 , 4682 , 8 , 1 , 1 , 0
5151 , 4404 , 9 , 5 , 1 , 0
5152 , 5695 , 8 , 4 , 1 , 0
5153 , 4044 , 8 , 2 , 5 , 0
5154 , 5962 , 8 , 5 , 2 , 0
5155 , 5558 , 9 , 2 , 4 , 0
5156 , 4928 , 8 , 2 , 4 , 0
5157 , 6359 , 8 , 5 , 3 , 0
5158 , 5624 , 8 , 4 , 2 , 0
5159 , 5059 , 9 , 3 , 1 , 0
5160 , 4630 , 8 , 3 , 5 , 0
5161 , 4902 , 8 , 3 , 4 , 0
5162 , 5283 , 8 , 4 , 2 , 0
5163 , 4212 , 8 , 5 , 4 , 0
5164 , 4059 , 8 , 5 , 3 , 0
5165 , 4786 , 9 , 1 , 1 , 0
5166 , 6437 , 9 , 1 , 5 , 0
5167 , 5226 , 9 , 5 , 3 , 0
5168 , 6247 , 9 , 1 , 5 , 0
5169 , 5763 , 9 , 2 , 5 , 0
5170 , 6256 , 9 , 5 , 1 , 0
5171 , 6311 , 9 , 5 , 5 , 0
5172 , 6404 , 8 , 1 , 4 , 0
5173 , 4715 , 8 , 1 , 3 , 0
5174 , 6052 , 9 , 2 , 1 , 0
5175 , 6003 , 9 , 3 , 2 , 0
5176 , 5707 , 9 , 4 , 1 , 0
5177 , 5051 , 8 , 1 , 3 , 0
5178 , 5233 , 8 , 3 , 5 , 0
5179 , 4031 , 8 , 3 , 2 , 0
5180 , 6164 , 8 , 4 , 3 , 0
5181 , 6036 , 8 , 1 , 5 , 0
5182 , 4474 , 8 , 3 , 2 , 0
5183 , 5645 , 9 , 5 , 5 , 0
5184 , 5480 , 8 , 4 , 5 , 0
5185 , 4351 , 8 , 3 , 5 , 0
5186 , 6807 , 9 , 4 , 2 , 0
5187 , 4477 , 9 , 2 , 5 , 0
5188 , 5082 , 8 , 4 , 1 , 0
5189 , 6029 , 9 , 2 , 5 , 0
5190 , 6953 , 8 , 4 , 2 , 0
5191 , 5104 , 9 , 2 , 1 , 0
5192 , 6817 , 8 , 3 , 1 , 0
5193 , 4942 , 9 , 1 , 3 , 0
5194 , 4185 , 8 , 5 , 4 , 0
5195 , 5680 , 8 , 5 , 1 , 0
5196 , 6446 , 8 , 1 , 1 , 0
5197 , 4436 , 9 , 3 , 1 , 0
5198 , 4120 , 9 , 4 , 4 , 0
5199 , 5493 , 9 , 3 , 5 , 0
5200 , 6043 , 9 , 4 , 1 , 0
5201 , 5729 , 9 , 4 , 4 , 0
5202 , 4119 , 9 , 4 , 3 , 0
5203 , 5601 , 8 , 5 , 1 , 0
5204 , 5857 , 8 , 2 , 2 , 0
5205 , 6931 , 8 , 2 , 1 , 0
5206 , 6848 , 9 , 2 , 3 , 0
5207 , 4619 , 8 , 2 , 2 , 0
5208 , 6568 , 9 , 2 , 1 , 0
5209 , 4382 , 8 , 5 , 1 , 0
5210 , 5906 , 8 , 4 , 2 , 0
5211 , 5126 , 9 , 5 , 4 , 0
5212 , 6458 , 8 , 1 , 3 , 0
5213 , 4346 , 8 , 2 , 4 , 0
5214 , 5855 , 8 , 2 , 2 , 0
5215 , 6451 , 8 , 4 , 5 , 0
5216 , 5271 , 8 , 4 , 2 , 0
5217 , 5199 , 8 , 1 , 2 , 0
5218 , 4385 , 8 , 5 , 5 , 0
5219 , 5073 , 8 , 1 , 4 , 0
5220 , 6241 , 9 , 5 , 5 , 0
5221 , 5439 , 9 , 1 , 1 , 0
5222 , 5871 , 8 , 1 , 2 , 0
5223 , 5419 , 9 , 4 , 3 , 0
5224 , 5184 , 8 , 5 , 5 , 0
5225 , 6171 , 8 , 1 , 1 , 0
5226 , 4708 , 9 , 1 , 1 , 0
5227 , 5954 , 8 , 3 , 5 , 0
5228 , 5438 , 8 , 2 , 1 , 0
5229 , 6436 , 9 , 2 , 4 , 0
5230 , 6704 , 8 , 3 , 2 , 0
5231 , 5349 , 9 , 1 , 4 , 0
5232 , 5580 , 8 , 1 , 4 , 0
5233 , 5683 , 9 , 2 , 1 , 0
5234 , 4108 , 8 , 1 , 4 , 0
5235 , 5439 , 9 , 5 , 2 , 0
5236 , 5130 , 9 , 4 , 3 , 0
5237 , 6720 , 9 , 4 , 4 , 0
5238 , 6009 , 8 , 2 , 2 , 0
5239 , 6993 , 8 , 2 , 5 , 0
5240 , 6578 , 8 , 1 , 4 , 0
5241 , 4118 , 9 , 2 , 1 , 0
5242 , 4359 , 9 , 1 , 4 , 0
5243 , 6898 , 9 , 1 , 4 , 0
5244 , 4709 , 9 , 5 , 5 , 0
5245 , 6068 , 9 , 2 , 2 , 0
5246 , 6914 , 9 , 2 , 4 , 0
5247 , 4333 , 8 , 4 , 1 , 0
5248 , 4539 , 8 , 2 , 4 , 0
5249 , 5716 , 9 , 4 , 2 , 0
5250 , 6248 , 9 , 5 , 2 , 0
5251 , 4859 , 9 , 1 , 4 , 0
5252 , 5573 , 8 , 3 , 4 , 0
5253 , 6255 , 9 , 2 , 5 , 0
5254 , 4395 , 8 , 1 , 5 , 0
5255 , 6747 , 9 , 5 , 5 , 0
5256 , 5205 , 8 , 5 , 2 , 0
5257 , 4718 , 9 , 4 , 4 , 0
5258 , 5172 , 8 , 2 , 3 , 0
5259 , 5312 , 8 , 3 , 3 , 0
5260 , 6740 , 8 , 2 , 5 , 0
5261 , 6681 , 9 , 1 , 2 , 0
5262 , 6509 , 9 , 4 , 1 , 0
5263 , 5770 , 8 , 2 , 4 , 0
5264 , 4562 , 8 , 3 , 2 , 0
5265 , 4986 , 9 , 5 , 4 , 0
5266 , 4077 , 8 , 5 , 3 , 0
5267 , 5875 , 8 , 3 , 2 , 0
5268 , 6465 , 9 , 3 , 4 , 0
5269 , 6443 , 9 , 5 , 1 , 0
5270 , 5318 , 8 , 1 , 5 , 0
5271 , 4403 , 9 , 4 , 1 , 0
5272 , 5441 , 8 , 5 , 1 , 0
5273 , 6851 , 9 , 4 , 3 , 0
5274 , 4914 , 8 , 1 , 5 , 0
5275 , 6627 , 8 , 3 , 1 , 0
5276 , 6852 , 9 , 1 , 2 , 0
5277 , 4099 , 9 , 5 , 5 , 0
5278 , 5969 , 8 , 2 , 1 , 0
5279 , 5573 , 9 , 4 , 5 , 0
5280 , 6451 , 8 , 3 , 4 , 0
5281 , 4798 , 9 , 2 , 2 , 0
5282 , 4251 , 8 , 4 , 4 , 0
5283 , 4113 , 8 , 3 , 1 , 0
5284 , 5550 , 9 , 4 , 2 , 0
5285 , 4835 , 9 , 1 , 4 , 0
5286 , 6147 , 9 , 2 , 3 , 0
5287 , 6600 , 8 , 2 , 3 , 0
5288 , 4047 , 9 , 5 , 1 , 0
5289 , 5245 , 8 , 1 , 3 , 0
5290 , 6665 , 9 , 4 , 5 , 0
5291 , 4732 , 8 , 1 , 1 , 0
5292 , 4518 , 9 , 4 , 5 , 0
5293 , 4531 , 9 , 3 , 5 , 0
5294 , 4854 , 8 , 4 , 3 , 0
5295 , 6805 , 9 , 1 , 3 , 0
5296 , 5925 , 9 , 1 , 3 , 0
5297 , 5303 , 8 , 3 , 1 , 0
5298 , 5811 , 9 , 4 , 1 , 0
5299 , 5116 , 8 , 2 , 2 , 0
5300 , 4261 , 8 , 3 , 2 , 0
5301 , 4530 , 8 , 2 , 4 , 0
5302 , 5401 , 9 , 3 , 4 , 0
5303 , 6594 , 9 , 4 , 4 , 0
5304 , 5862 , 9 , 2 , 4 , 0
5305 , 5244 , 8 , 4 , 2 , 0
5306 , 5890 , 9 , 3 , 1 , 0
5307 , 4825 , 8 , 2 , 1 , 0
5308 , 6593 , 9 , 1 , 4 , 0
5309 , 6568 , 8 , 4 , 2 , 0
5310 , 4109 , 9 , 3 , 4 , 0
5311 , 5145 , 8 , 5 , 5 , 0
5312 , 4481 , 9 , 5 , 5 , 0
5313 , 4805 , 9 , 2 , 1 , 0
5314 , 6180 , 9 , 2 , 1 , 0
5315 , 6812 , 8 , 4 , 4 , 0
5316 , 5876 , 8 , 1 , 3 , 0
5317 , 6077 , 8 , 5 , 4 , 0
5318 , 6681 , 8 , 1 , 1 , 0
5319 , 5258 , 9 , 5 , 2 , 0
5320 , 4414 , 8 , 1 , 1 , 0
5321 , 4113 , 9 , 2 , 3 , 0
5322 , 4971 , 9 , 5 , 4 , 0
5323 , 4492 , 8 , 3 , 4 , 0
5324 , 4014 , 9 , 2 , 2 , 0
5325 , 4650 , 9 , 5 , 2 , 0
5326 , 6061 , 8 , 1 , 1 , 0
5327 , 6428 , 8 , 1 , 3 , 0
5328 , 6605 , 9 , 4 , 1 , 0
5329 , 5992 , 8 , 3 , 1 , 0
5330 , 4399 , 9 , 4 , 2 , 0
5331 , 6210 , 9 , 5 , 1 , 0
5332 , 6757 , 8 , 4 , 2 , 0
5333 , 6342 , 8 , 5 , 2 , 0
5334 , 5273 , 9 , 5 , 1 , 0
5335 , 4847 , 9 , 3 , 3 , 0
5336 , 4311 , 8 , 1 , 3 , 0
5337 , 4195 , 8 , 5 , 4 , 0
5338 , 5142 , 9 , 3 , 5 , 0
5339 , 5236 , 9 , 2 , 1 , 0
5340 , 6635 , 9 , 3 , 2 , 0
5341 , 6369 , 8 , 3 , 2 , 0
5342 , 5654 , 8 , 4 , 5 , 0
5343 , 6099 , 9 , 5 , 3 , 0
5344 , 4331 , 8 , 3 , 2 , 0
5345 , 4401 , 9 , 1 , 2 , 0
5346 , 6890 , 8 , 1 , 2 , 0
5347 , 4236 , 8 , 4 , 4 , 0
5348 , 6719 , 9 , 5 , 4 , 0
5349 , 5876 , 9 , 2 , 1 , 0
5350 , 4315 , 9 , 1 , 4 , 0
5351 , 6465 , 8 , 3 , 3 , 0
5352 , 5777 , 9 , 4 , 5 , 0
5353 , 5986 , 9 , 5 , 2 , 0
5354 , 6714 , 8 , 3 , 1 , 0
5355 , 4874 , 8 , 4 , 5 , 0
5356 , 5162 , 8 , 5 , 3 , 0
5357 , 6165 , 8 , 4 , 2 , 0
5358 , 5217 , 9 , 3 , 4 , 0
5359 , 4688 , 8 , 3 , 5 , 0
5360 , 6074 , 9 , 5 , 5 , 0
5361 , 5719 , 8 , 3 , 2 , 0
5362 , 6927 , 8 , 4 , 2 , 0
5363 , 6668 , 9 , 3 , 5 , 0
5364 , 4891 , 8 , 1 , 1 , 0
5365 , 4775 , 8 , 3 , 4 , 0
5366 , 5558 , 8 , 1 , 2 , 0
5367 , 6136 , 9 , 5 , 3 , 0
5368 , 6957 , 9 , 4 , 4 , 0
5369 , 5831 , 9 , 1 , 4 , 0
5370 , 4688 , 8 , 2 , 1 , 0
5371 , 5372 , 9 , 3 , 4 , 0
5372 , 6682 , 8 , 1 , 1 , 0
5373 , 5631 , 9 , 2 , 5 , 0
5374 , 5924 , 9 , 5 , 1 , 0
5375 , 6410 , 9 , 2 , 2 , 0
5376 , 6171 , 9 , 5 , 4 , 0
5377 , 5714 , 8 , 2 , 3 , 0
5378 , 4701 , 9 , 1 , 5 , 0
5379 , 5665 , 8 , 2 , 3 , 0
5380 , 4320 , 8 , 1 , 4 , 0
5381 , 6591 , 8 , 3 , 5 , 0
5382 , 6139 , 8 , 4 , 5 , 0
5383 , 4501 , 9 , 2 , 4 , 0
5384 , 5074 , 9 , 2 , 3 , 0
5385 , 4456 , 9 , 5 , 4 , 0
5386 , 4678 , 9 , 5 , 2 , 0
5387 , 6852 , 9 , 4 , 2 , 0
5388 , 4899 , 9 , 3 , 4 , 0
5389 , 4974 , 9 , 1 , 5 , 0
5390 , 6873 , 9 , 2 , 5 , 0
5391 , 5329 , 8 , 2 , 3 , 0
5392 , 4036 , 9 , 5 , 3 , 0
5393 , 6842 , 8 , 2 , 2 , 0
5394 , 5716 , 8 , 5 , 5 , 0
5395 , 4236 , 9 , 4 , 3 , 0
5396 , 4366 , 8 , 5 , 4 , 0
5397 , 4725 , 8 , 5 , 4 , 0
5398 , 4808 , 9 , 5 , 4 , 0
5399 , 4510 , 8 , 5 , 3 , 0
5400 , 4505 , 9 , 5 , 2 , 0
5401 , 6511 , 9 , 3 , 3 , 0
5402 , 5150 , 9 , 2 , 5 , 0
5403 , 5513 , 8 , 2 , 1 , 0
5404 , 6670 , 9 , 5 , 3 , 0
5405 , 6251 , 9 , 5 , 1 , 0
5406 , 6240 , 9 , 5 , 1 , 0
5407 , 6125 , 8 , 1 , 1 , 0
5408 , 6471 , 8 , 1 , 4 , 0
5409 , 4872 , 8 , 2 , 3 , 0
5410 , 4165 , 8 , 4 , 3 , 0
5411 , 6076 , 9 , 2 , 4 , 0
5412 , 5077 , 9 , 5 , 3 , 0
5413 , 6656 , 9 , 2 , 1 , 0
5414 , 4471 , 9 , 2 , 5 , 0
5415 , 6341 , 8 , 1 , 1 , 0
5416 , 5008 , 8 , 5 , 3 , 0
5417 , 6723 , 9 , 3 , 2 , 0
5418 , 5720 , 8 , 2 , 2 , 0
5419 , 4708 , 8 , 1 , 1 , 0
5420 , 5698 , 8 , 1 , 2 , 0
5421 , 6436 , 8 , 4 , 4 , 0
5422 , 6119 , 8 , 1 , 4 , 0
5423 , 6095 , 8 , 1 , 5 , 0
5424 , 6427 , 8 , 5 , 4 , 0
5425 , 5258 , 9 , 2 , 1 , 0
5426 , 5087 , 9 , 5 , 5 , 0
5427 , 5193 , 9 , 5 , 3 , 0
5428 , 5117 , 9 , 3 , 3 , 0
5429 , 5552 , 9 , 3 , 4 , 0
5430 , 4111 , 8 , 1 , 4 , 0
5431 , 6482 , 8 , 3 , 2 , 0
5432 , 5425 , 8 , 5 , 1 , 0
5433 , 4669 , 8 , 3 , 3 , 0
5434 , 4850 , 8 , 4 , 5 , 0
5435 , 6171 , 8 , 4 , 5 , 0
5436 , 6303 , 8 , 5 , 5 , 0
5437 , 4355 , 8 , 5 , 3 , 0
5438 , 4688 , 9 , 3 , 2 , 0
5439 , 6222 , 8 , 3 , 4 , 0
5440 , 4937 , 9 , 4 , 2 , 0
5441 , 6539 , 9 , 1 , 3 , 0
5442 , 6138 , 9 , 3 , 1 , 0
5443 , 5747 , 9 , 3 , 3 , 0
5444 , 4999 , 9 , 2 , 3 , 0
5445 , 5661 , 8 , 5 , 5 , 0
5446 , 6633 , 9 , 4 , 3 , 0
5447 , 6035 , 9 , 5 , 4 , 0
5448 , 5515 , 9 , 2 , 5 , 0
5449 , 6612 , 9 , 5 , 2 , 0
5450 , 5390 , 8 , 5 , 5 , 0
5451 , 4952 , 9 , 3 , 4 , 0
5452 , 4725 , 8 , 3 , 4 , 0
5453 , 6215 , 9 , 3 , 1 , 0
5454 , 4274 , 8 , 1 , 2 , 0
5455 , 4034 , 9 , 5 , 5 , 0
5456 , 6951 , 8 , 4 , 1 , 0
5457 , 5864 , 8 , 3 , 3 , 0
5458 , 6358 , 9 , 1 , 2 , 0
5459 , 4282 , 8 , 5 , 3 , 0
5460 , 6850 , 9 , 3 , 3 , 0
5461 , 6152 , 9 , 1 , 3 , 0
5462 , 5019 , 8 , 5 , 4 , 0
5463 , 4026 , 9 , 4 , 5 , 0
5464 , 6886 , 8 , 5 , 4 , 0
5465 , 5664 , 8 , 3 , 1 , 0
5466 , 5339 , 8 , 3 , 3 , 0
5467 , 5322 , 9 , 3 , 2 , 0
5468 , 5285 , 8 , 1 , 3 , 0
5469 , 4840 , 9 , 5 , 3 , 0
5470 , 5821 , 9 , 5 , 1 , 0
5471 , 6980 , 9 , 3 , 4 , 0
5472 , 4503 , 8 , 1 , 4 , 0
5473 , 4307 , 8 , 2 , 5 , 0
5474 , 6171 , 8 , 2 , 5 , 0
5475 , 5191 , 9 , 4 , 5 , 0
5476 , 4486 , 9 , 2 , 2 , 0
5477 , 5272 , 8 , 4 , 2 , 0
5478 , 4943 , 9 , 4 , 5 , 0
5479 , 4326 , 8 , 1 , 1 , 0
5480 , 6299 , 8 , 1 , 4 , 0
5481 , 5553 , 9 , 2 , 4 , 0
5482 , 4777 , 9 , 4 , 2 , 0
5483 , 4866 , 8 , 4 , 1 , 0
5484 , 4454 , 9 , 5 , 3 , 0
5485 , 6671 , 8 , 2 , 2 , 0
5486 , 5425 , 9 , 4 , 2 , 0
5487 , 5890 , 8 , 3 , 4 , 0
5488 , 5544 , 9 , 5 , 5 , 0
5489 , 4786 , 9 , 4 , 1 , 0
5490 , 4850 , 8 , 3 , 5 , 0
5491 , 5017 , 8 , 4 , 2 , 0
5492 , 6268 , 8 , 1 , 4 , 0
5493 , 5421 , 8 , 3 , 5 , 0
5494 , 5620 , 9 , 2 , 4 , 0
5495 , 6192 , 9 , 2 , 3 , 0
5496 , 5360 , 8 , 5 , 4 , 0
5497 , 5623 , 9 , 4 , 4 , 0
5498 , 4936 , 9 , 5 , 2 , 0
5499 , 6014 , 9 , 1 , 5 , 0
5500 , 6320 , 8 , 5 , 5 , 0
5501 , 4066 , 8 , 4 , 1 , 0
5502 , 4495 , 8 , 2 , 5 , 0
5503 , 5678 , 8 , 2 , 5 , 0
5504 , 4875 , 9 , 1 , 3 , 0
5505 , 5607 , 9 , 4 , 1 , 0
5506 , 5586 , 9 , 4 , 5 , 0
5507 , 4920 , 9 , 2 , 3 , 0
5508 , 6010 , 9 , 4 , 2 , 0
5509 , 4615 , 8 , 5 , 1 , 0
5510 , 6723 , 9 , 5 , 4 , 0
5511 , 4726 , 8 , 2 , 3 , 0
5512 , 4063 , 8 , 1 , 2 , 0
5513 , 5907 , 9 , 2 , 5 , 0
5514 , 5433 , 8 , 4 , 2 , 0
5515 , 5424 , 9 , 5 , 4 , 0
5516 , 4587 , 9 , 1 , 2 , 0
5517 , 6467 , 8 , 4 , 1 , 0
5518 , 5126 , 9 , 2 , 2 , 0
5519 , 6407 , 9 , 2 , 4 , 0
5520 , 4678 , 9 , 5 , 1 , 0
5521 , 6922 , 9 , 4 , 4 , 0
5522 , 4652 , 8 , 3 , 1 , 0
5523 , 4677 , 9 , 2 , 2 , 0
5524 , 6074 , 8 , 3 , 5 , 0
5525 , 5487 , 8 , 1 , 4 , 0
5526 , 4002 , 9 , 1 , 2 , 0
5527 , 4722 , 8 , 3 , 4 , 0
5528 , 6784 , 8 , 4 , 3 , 0
5529 , 6212 , 9 , 1 , 2 , 0
5530 , 4499 , 8 , 3 , 2 , 0
5531 , 5759 , 8 , 4 , 4 , 0
5532 , 6344 , 8 , 4 , 4 , 0
5533 , 6466 , 8 , 5 , 1 , 0
5534 , 5494 , 9 , 5 , 5 , 0
5535 , 6294 , 9 , 4 , 4 , 0
5536 , 5755 , 8 , 5 , 2 , 0
5537 , 4033 , 9 , 3 , 4 , 0
5538 , 5470 , 8 , 3 , 1 , 0
5539 , 5447 , 8 , 1 , 2 , 0
5540 , 6507 , 9 , 5 , 4 , 0
5541 , 5820 , 8 , 3 , 4 , 0
5542 , 6827 , 8 , 4 , 4 , 0
5543 , 4515 , 8 , 2 , 3 , 0
5544 , 4745 , 8 , 2 , 2 , 0
5545 , 6570 , 9 , 2 , 5 , 0
5546 , 5214 , 9 , 3 , 3 , 0
5547 , 4140 , 8 , 3 , 4 , 0
5548 , 5293 , 8 , 3 , 4 , 0
5549 , 4733 , 8 , 3 , 1 , 0
5550 , 4464 , 9 , 2 , 2 , 0
5551 , 5633 , 9 , 5 , 3 , 0
5552 , 4521 , 8 , 1 , 5 , 0
5553 , 5398 , 8 , 1 , 1 , 0
5554 , 4082 , 9 , 1 , 2 , 0
5555 , 4006 , 8 , 2 , 4 , 0
5556 , 6206 , 9 , 5 , 1 , 0
5557 , 5014 , 9 , 5 , 2 , 0
5558 , 4949 , 8 , 3 , 5 , 0
5559 , 6129 , 8 , 1 , 4 , 0
5560 , 4860 , 9 , 4 , 1 , 0
5561 , 6558 , 8 , 5 , 1 , 0
5562 , 5810 , 9 , 5 , 3 , 0
5563 , 5301 , 8 , 4 , 1 , 0
5564 , 5060 , 9 , 1 , 3 , 0
5565 , 5630 , 9 , 2 , 5 , 0
5566 , 6675 , 8 , 5 , 1 , 0
5567 , 6106 , 9 , 4 , 1 , 0
5568 , 4081 , 9 , 5 , 4 , 0
5569 , 4016 , 8 , 1 , 4 , 0
5570 , 6911 , 9 , 2 , 4 , 0
5571 , 4514 , 9 , 4 , 2 , 0
5572 , 5449 , 9 , 2 , 5 , 0
5573 , 4549 , 9 , 2 , 4 , 0
5574 , 4040 , 9 , 1 , 4 , 0
5575 , 4669 , 8 , 2 , 4 , 0
5576 , 4584 , 8 , 5 , 1 , 0
5577 , 6670 , 9 , 4 , 5 , 0
5578 , 5672 , 9 , 4 , 4 , 0
5579 , 4060 , 9 , 4 , 1 , 0
5580 , 5813 , 9 , 2 , 3 , 0
5581 , 6596 , 8 , 5 , 1 , 0
5582 , 4759 , 9 , 3 , 4 , 0
5583 , 4545 , 9 , 5 , 5 , 0
5584 , 4313 , 8 , 4 , 2 , 0
5585 , 5344 , 9 , 2 , 3 , 0
5586 , 4229 , 9 , 4 , 4 , 0
5587 , 6515 , 9 , 4 , 2 , 0
5588 , 6366 , 9 , 4 , 5 , 0
5589 , 6594 , 8 , 1 , 5 , 0
5590 , 6085 , 8 , 5 , 3 , 0
5591 , 4926 , 9 , 3 , 5 , 0
5592 , 5293 , 9 , 3 , 2 , 0
5593 , 5788 , 8 , 3 , 4 , 0
5594 , 6495 , 9 , 4 , 3 , 0
5595 , 5152 , 9 , 4 , 3 , 0
5596 , 5406 , 8 , 1 , 3 , 0
5597 , 6223 , 9 , 3 , 2 , 0
5598 , 6356 , 9 , 2 , 5 , 0
5599 , 5396 , 8 , 3 , 3 , 0
5600 , 5555 , 9 , 5 , 2 , 0
5601 , 4916 , 9 , 3 , 1 , 0
5602 , 5693 , 8 , 3 , 1 , 0
5603 , 5170 , 8 , 5 , 3 , 0
5604 , 5773 , 9 , 2 , 4 , 0
5605 , 6164 , 8 , 1 , 3 , 0
5606 , 5219 , 8 , 3 , 2 , 0
5607 , 5236 , 8 , 5 , 2 , 0
5608 , 6980 , 9 , 4 , 2 , 0
5609 , 4871 , 9 , 5 , 2 , 0
5610 , 5127 , 8 , 4 , 3 , 0
5611 , 5929 , 8 , 4 , 4 , 0
5612 , 6313 , 8 , 4 , 1 , 0
5613 , 4952 , 8 , 3 , 4 , 0
5614 , 4330 , 8 , 2 , 2 , 0
5615 , 6189 , 9 , 3 , 1 , 0
5616 , 4222 , 9 , 5 , 1 , 0
5617 , 5422 , 8 , 4 , 1 , 0
5618 , 6878 , 8 , 3 , 2 , 0
5619 , 6486 , 9 , 5 , 5 , 0
5620 , 6260 , 8 , 5 , 3 , 0
5621 , 5891 , 9 , 5 , 3 , 0
5622 , 6194 , 8 , 2 , 1 , 0
5623 , 4623 , 9 , 2 , 1 , 0
5624 , 5019 , 8 , 5 , 3 , 0
5625 , 6032 , 9 , 5 , 2 , 0
5626 , 5336 , 8 , 1 , 2 , 0
5627 , 5592 , 9 , 1 , 2 , 0
5628 , 6621 , 9 , 5 , 4 , 0
5629 , 4374 , 8 , 2 , 4 , 0
5630 , 5858 , 8 , 4 , 5 , 0
5631 , 5139 , 8 , 5 , 3 , 0
5632 , 6883 , 9 , 1 , 5 , 0
5633 , 5629 , 8 , 2 , 2 , 0
5634 , 5672 , 9 , 5 , 1 , 0
5635 , 5391 , 8 , 5 , 1 , 0
5636 , 4413 , 9 , 4 , 4 , 0
5637 , 6559 , 9 , 4 , 2 , 0
5638 , 5914 , 9 , 3 , 3 , 0
5639 , 6960 , 8 , 5 , 4 , 0
5640 , 5404 , 8 , 1 , 3 , 0
5641 , 6534 , 9 , 3 , 3 , 0
5642 , 4435 , 9 , 4 , 1 , 0
5643 , 4492 , 9 , 2 , 2 , 0
5644 , 6267 , 8 , 5 , 5 , 0
5645 , 4697 , 8 , 5 , 5 , 0
5646 , 4267 , 8 , 4 , 3 , 0
5647 , 5542 , 8 , 4 , 2 , 0
5648 , 6952 , 9 , 4 , 2 , 0
5649 , 4993 , 8 , 5 , 4 , 0
5650 , 6883 , 8 , 1 , 3 , 0
5651 , 4662 , 8 , 4 , 4 , 0
5652 , 5591 , 8 , 2 , 1 , 0
5653 , 5033 , 9 , 2 , 2 , 0
5654 , 6364 , 8 , 3 , 2 , 0
5655 , 5501 , 8 , 5 , 2 , 0
5656 , 6743 , 9 , 2 , 3 , 0
5657 , 5953 , 9 , 1 , 2 , 0
5658 , 6423 , 9 , 3 , 3 , 0
5659 , 4365 , 9 , 2 , 3 , 0
5660 , 6105 , 9 , 4 , 2 , 0
5661 , 4977 , 8 , 5 , 2 , 0
5662 , 6501 , 8 , 1 , 1 , 0
5663 , 5614 , 9 , 3 , 1 , 0
5664 , 4767 , 9 , 2 , 5 , 0
5665 , 5283 , 8 , 5 , 5 , 0
5666 , 5167 , 8 , 3 , 3 , 0
5667 , 5458 , 9 , 5 , 3 , 0
5668 , 6842 , 8 , 2 , 1 , 0
5669 , 4864 , 9 , 3 , 2 , 0
5670 , 4447 , 8 , 2 , 4 , 0
5671 , 4352 , 9 , 1 , 2 , 0
5672 , 5794 , 9 , 4 , 1 , 0
5673 , 4553 , 9 , 1 , 5 , 0
5674 , 5380 , 8 , 2 , 4 , 0
5675 , 6027 , 8 , 2 , 2 , 0
5676 , 5609 , 9 , 4 , 1 , 0
5677 , 5190 , 9 , 3 , 1 , 0
5678 , 6121 , 9 , 5 , 4 , 0
5679 , 5884 , 9 , 3 , 5 , 0
5680 , 5975 , 8 , 1 , 3 , 0
5681 , 5954 , 9 , 1 , 1 , 0
5682 , 5565 , 8 , 4 , 2 , 0
5683 , 4323 , 9 , 2 , 5 , 0
5684 , 4294 , 9 , 5 , 3 , 0
5685 , 5916 , 8 , 3 , 4 , 0
5686 , 4683 , 9 , 1 , 5 , 0
5687 , 5537 , 8 , 4 , 2 , 0
5688 , 6935 , 8 , 4 , 3 , 0
5689 , 4910 , 8 , 1 , 2 , 0
5690 , 5075 , 8 , 1 , 3 , 0
5691 , 4983 , 9 , 5 , 5 , 0
5692 , 6098 , 9 , 2 , 4 , 0
5693 , 4161 , 9 , 3 , 5 , 0
5694 , 6605 , 8 , 4 , 3 , 0
5695 , 4335 , 8 , 2 , 2 , 0
5696 , 5145 , 9 , 5 , 3 , 0
5697 , 5774 , 9 , 5 , 2 , 0
5698 , 5500 , 9 , 3 , 2 , 0
5699 , 5881 , 8 , 5 , 3 , 0
5700 , 4228 , 9 , 2 , 2 , 0
5701 , 5974 , 9 , 2 , 3 , 0
5702 , 4672 , 8 , 1 , 4 , 0
5703 , 6926 , 8 , 3 , 3 , 0
5704 , 4621 , 9 , 2 , 4 , 0
5705 , 4057 , 9 , 2 , 2 , 0
5706 , 5818 , 8 , 1 , 3 , 0
5707 , 5048 , 9 , 1 , 3 , 0
5708 , 4276 , 9 , 2 , 1 , 0
5709 , 5329 , 8 , 4 , 4 , 0
5710 , 4747 , 9 , 5 , 4 , 0
5711 , 4727 , 8 , 1 , 3 , 0
5712 , 4459 , 8 , 3 , 5 , 0
5713 , 4199 , 8 , 1 , 4 , 0
5714 , 4245 , 8 , 4 , 4 , 0
5715 , 6444 , 8 , 5 , 3 , 0
5716 , 5075 , 9 , 2 , 1 , 0
5717 , 4668 , 8 , 5 , 5 , 0
5718 , 5703 , 9 , 5 , 3 , 0
5719 , 4777 , 8 , 5 , 3 , 0
5720 , 5764 , 8 , 4 , 2 , 0
5721 , 4569 , 8 , 4 , 1 , 0
5722 , 5611 , 8 , 3 , 3 , 0
5723 , 4726 , 8 , 5 , 5 , 0
5724 , 6768 , 9 , 4 , 2 , 0
5725 , 4055 , 9 , 1 , 3 , 0
5726 , 4259 , 8 , 2 , 2 , 0
5727 , 5044 , 9 , 2 , 5 , 0
5728 , 4719 , 9 , 1 , 2 , 0
5729 , 5998 , 9 , 1 , 3 , 0
5730 , 4990 , 8 , 4 , 2 , 0
5731 , 4173 , 9 , 3 , 2 , 0
5732 , 4811 , 8 , 5 , 5 , 0
5733 , 6016 , 9 , 3 , 1 , 0
5734 , 5143 , 8 , 5 , 2 , 0
5735 , 5961 , 9 , 5 , 3 , 0
5736 , 4821 , 8 , 3 , 4 , 0
5737 , 6942 , 9 , 5 , 2 , 0
5738 , 4301 , 9 , 1 , 2 , 0
5739 , 5065 , 9 , 5 , 3 , 0
5740 , 4741 , 8 , 3 , 3 , 0
5741 , 6777 , 9 , 1 , 2 , 0
5742 , 4699 , 8 , 1 , 5 , 0
5743 , 5583 , 8 , 1 , 5 , 0
5744 , 4876 , 9 , 3 , 1 , 0
5745 , 5090 , 9 , 3 , 5 , 0
5746 , 4009 , 9 , 1 , 4 , 0
5747 , 5075 , 8 , 3 , 2 , 0
5748 , 4869 , 8 , 5 , 3 , 0
5749 , 6185 , 9 , 2 , 5 , 0
5750 , 4512 , 8 , 4 , 2 , 0
5751 , 6966 , 8 , 1 , 4 , 0
5752 , 5934 , 9 , 1 , 5 , 0
5753 , 4289 , 9 , 2 , 3 , 0
5754 , 6121 , 9 , 4 , 5 , 0
5755 , 4570 , 8 , 3 , 3 , 0
5756 , 4819 , 8 , 5 , 2 , 0
5757 , 6553 , 9 , 3 , 4 , 0
5758 , 4013 , 8 , 1 , 1 , 0
5759 , 4791 , 9 , 5 , 1 , 0
5760 , 6195 , 9 , 2 , 3 , 0
5761 , 5315 , 9 , 2 , 1 , 0
5762 , 4725 , 9 , 4 , 1 , 0
5763 , 6846 , 9 , 2 , 3 , 0
5764 , 5527 , 9 , 1 , 4 , 0
5765 , 6656 , 8 , 5 , 5 , 0
5766 , 4178 , 8 , 3 , 1 , 0
5767 , 5433 , 8 , 1 , 5 , 0
5768 , 6097 , 9 , 4 , 1 , 0
5769 , 6104 , 9 , 2 , 1 , 0
5770 , 4917 , 8 , 5 , 2 , 0
5771 , 6592 , 9 , 3 , 1 , 0
5772 , 6706 , 9 , 2 , 5 , 0
5773 , 6126 , 8 , 3 , 3 , 0
5774 , 4296 , 8 , 4 , 4 , 0
5775 , 5964 , 8 , 3 , 5 , 0
5776 , 4394 , 9 , 4 , 1 , 0
5777 , 4057 , 9 , 2 , 1 , 0
5778 , 6410 , 9 , 4 , 4 , 0
5779 , 6727 , 9 , 3 , 2 , 0
5780 , 5915 , 8 , 4 , 1 , 0
5781 , 6595 , 8 , 1 , 3 , 0
5782 , 5430 , 8 , 4 , 1 , 0
5783 , 6617 , 9 , 3 , 2 , 0
5784 , 6918 , 9 , 1 , 3 , 0
5785 , 5733 , 9 , 4 , 2 , 0
5786 , 4923 , 8 , 5 , 2 , 0
5787 , 4563 , 9 , 4 , 1 , 0
5788 , 5723 , 9 , 5 , 3 , 0
5789 , 4552 , 9 , 2 , 5 , 0
5790 , 6724 , 8 , 2 , 3 , 0
5791 , 4551 , 8 , 2 , 2 , 0
5792 , 6275 , 9 , 1 , 1 , 0
5793 , 5621 , 9 , 2 , 3 , 0
5794 , 6257 , 8 , 4 , 3 , 0
5795 , 5645 , 9 , 3 , 2 , 0
5796 , 6312 , 8 , 1 , 4 , 0
5797 , 4252 , 9 , 2 , 2 , 0
5798 , 5867 , 9 , 4 , 3 , 0
5799 , 5390 , 9 , 2 , 2 , 0
5800 , 5387 , 8 , 2 , 3 , 0
5801 , 6904 , 9 , 3 , 2 , 0
5802 , 5987 , 9 , 5 , 1 , 0
5803 , 4371 , 9 , 1 , 3 , 0
5804 , 4341 , 8 , 3 , 3 , 0
5805 , 5040 , 9 , 2 , 1 , 0
5806 , 4626 , 8 , 2 , 5 , 0
5807 , 6382 , 8 , 3 , 1 , 0
5808 , 5253 , 8 , 1 , 4 , 0
5809 , 6694 , 9 , 3 , 5 , 0
5810 , 6537 , 8 , 4 , 1 , 0
5811 , 6376 , 9 , 4 , 4 , 0
5812 , 5615 , 8 , 3 , 2 , 0
5813 , 5026 , 9 , 1 , 3 , 0
5814 , 6777 , 9 , 2 , 1 , 0
5815 , 4240 , 9 , 1 , 4 , 0
5816 , 5650 , 9 , 3 , 2 , 0
5817 , 5495 , 8 , 4 , 1 , 0
5818 , 6339 , 9 , 1 , 4 , 0
5819 , 5217 , 9 , 1 , 1 , 0
5820 , 6416 , 8 , 1 , 4 , 0
5821 , 6180 , 8 , 2 , 4 , 0
5822 , 4944 , 9 , 2 , 4 , 0
5823 , 4603 , 8 , 5 , 1 , 0
5824 , 4897 , 9 , 3 , 4 , 0
5825 , 5812 , 8 , 1 , 4 , 0
5826 , 4674 , 9 , 1 , 1 , 0
5827 , 6848 , 9 , 3 , 4 , 0
5828 , 4103 , 9 , 3 , 1 , 0
5829 , 6934 , 8 , 3 , 4 , 0
5830 , 5528 , 8 , 2 , 4 , 0
5831 , 6808 , 8 , 3 , 5 , 0
5832 , 5162 , 8 , 5 , 4 , 0
5833 , 5004 , 9 , 4 , 4 , 0
5834 , 5829 , 9 , 5 , 2 , 0
5835 , 4684 , 9 , 5 , 2 , 0
5836 , 5884 , 8 , 1 , 4 , 0
5837 , 5414 , 9 , 3 , 2 , 0
5838 , 4008 , 8 , 1 , 5 , 0
5839 , 4581 , 9 , 3 , 2 , 0
5840 , 4389 , 8 , 3 , 2 , 0
5841 , 5895 , 9 , 3 , 2 , 0
5842 , 5708 , 8 , 5 , 2 , 0
5843 , 4069 , 9 , 5 , 4 , 0
5844 , 6440 , 8 , 4 , 4 , 0
5845 , 6374 , 9 , 2 , 5 , 0
5846 , 6641 , 8 , 1 , 3 , 0
5847 , 6348 , 8 , 4 , 4 , 0
5848 , 5067 , 9 , 5 , 1 , 0
5849 , 5006 , 8 , 4 , 5 , 0
5850 , 5688 , 9 , 4 , 4 , 0
5851 , 4508 , 8 , 2 , 2 , 0
5852 , 6834 , 8 , 3 , 3 , 0
5853 , 4566 , 8 , 3 , 5 , 0
5854 , 5761 , 8 , 2 , 4 , 0
5855 , 5461 , 9 , 1 , 5 , 0
5856 , 4763 , 9 , 4 , 1 , 0
5857 , 5016 , 8 , 2 , 5 , 0
5858 , 4295 , 8 , 2 , 5 , 0
5859 , 4968 , 8 , 2 , 4 , 0
5860 , 4138 , 8 , 3 , 1 , 0
5861 , 4364 , 9 , 2 , 5 , 0
5862 , 4483 , 9 , 3 , 2 , 0
5863 , 6735 , 9 , 4 , 2 , 0
5864 , 5358 , 8 , 2 , 5 , 0
5865 , 5533 , 9 , 2 , 2 , 0
5866 , 5532 , 8 , 2 , 2 , 0
5867 , 5041 , 9 , 2 , 1 , 0
5868 , 5504 , 9 , 4 , 1 , 0
5869 , 6610 , 9 , 3 , 3 , 0
5870 , 6764 , 9 , 4 , 3 , 0
5871 , 6842 , 8 , 2 , 2 , 0
5872 , 4738 , 9 , 4 , 2 , 0
5873 , 6325 , 8 , 2 , 4 , 0
5874 , 5244 , 9 , 5 , 3 , 0
5875 , 6552 , 9 , 1 , 3 , 0
5876 , 5093 , 9 , 4 , 2 , 0
5877 , 6303 , 8 , 5 , 3 , 0
5878 , 6574 , 9 , 5 , 4 , 0
5879 , 4454 , 8 , 2 , 4 , 0
5880 , 4874 , 8 , 2 , 1 , 0
5881 , 6393 , 9 , 1 , 2 , 0
5882 , 4057 , 8 , 5 , 4 , 0
5883 , 5484 , 8 , 4 , 5 , 0
5884 , 6448 , 8 , 3 , 5 , 0
5885 , 4604 , 9 , 4 , 4 , 0
5886 , 4728 , 9 , 2 , 4 , 0
5887 , 4635 , 8 , 1 , 4 , 0
5888 , 5579 , 8 , 2 , 4 , 0
5889 , 5129 , 8 , 2 , 4 , 0
5890 , 6210 , 9 , 2 , 4 , 0
5891 , 6749 , 8 , 4 , 1 , 0
5892 , 6586 , 8 , 3 , 1 , 0
5893 , 4672 , 8 , 4 , 2 , 0
5894 , 4050 , 9 , 3 , 4 , 0
5895 , 6146 , 9 , 5 , 3 , 0
5896 , 5911 , 8 , 5 , 5 , 0
5897 , 4851 , 9 , 4 , 2 , 0
5898 , 6648 , 9 , 2 , 4 , 0
5899 , 5956 , 9 , 5 , 3 , 0
5900 , 5906 , 9 , 4 , 1 , 0
5901 , 4523 , 9 , 5 , 2 , 0
5902 , 5213 , 9 , 3 , 4 , 0
5903 , 4675 , 9 , 2 , 2 , 0
5904 , 6005 , 9 , 4 , 3 , 0
5905 , 4345 , 8 , 2 , 1 , 0
5906 , 6466 , 9 , 5 , 2 , 0
5907 , 5336 , 8 , 2 , 3 , 0
5908 , 4280 , 9 , 1 , 5 , 0
5909 , 4406 , 8 , 4 , 1 , 0
5910 , 4432 , 9 , 2 , 3 , 0
5911 , 5068 , 9 , 3 , 4 , 0
5912 , 4541 , 8 , 3 , 3 , 0
5913 , 5786 , 9 , 3 , 5 , 0
5914 , 5768 , 9 , 4 , 5 , 0
5915 , 5889 , 9 , 4 , 2 , 0
5916 , 5196 , 8 , 1 , 4 , 0
5917 , 5191 , 9 , 3 , 3 , 0
5918 , 5931 , 9 , 3 , 2 , 0
5919 , 5639 , 9 , 2 , 5 , 0
5920 , 4279 , 9 , 1 , 2 , 0
5921 , 5278 , 8 , 4 , 2 , 0
5922 , 5970 , 8 , 4 , 4 , 0
5923 , 6472 , 8 , 2 , 4 , 0
5924 , 4919 , 8 , 1 , 2 , 0
5925 , 6984 , 8 , 1 , 3 , 0
5926 , 5318 , 9 , 1 , 5 , 0
5927 , 5091 , 9 , 3 , 4 , 0
5928 , 6292 , 9 , 3 , 2 , 0
5929 , 4390 , 9 , 1 , 5 , 0
5930 , 4265 , 8 , 5 , 2 , 0
5931 , 5171 , 9 , 4 , 4 , 0
5932 , 6792 , 9 , 3 , 4 , 0
5933 , 4049 , 9 , 3 , 2 , 0
5934 , 6210 , 8 , 5 , 2 , 0
5935 , 4825 , 9 , 4 , 1 , 0
5936 , 4892 , 8 , 1 , 2 , 0
5937 , 4849 , 8 , 5 , 1 , 0
5938 , 4228 , 8 , 4 , 5 , 0
5939 , 6701 , 8 , 4 , 5 , 0
5940 , 4168 , 8 , 3 , 1 , 0
5941 , 5577 , 9 , 1 , 3 , 0
5942 , 4999 , 8 , 4 , 3 , 0
5943 , 5704 , 9 , 1 , 2 , 0
5944 , 4005 , 9 , 1 , 5 , 0
5945 , 5312 , 8 , 3 , 5 , 0
5946 , 6139 , 8 , 5 , 4 , 0
5947 , 6235 , 9 , 5 , 2 , 0
5948 , 6013 , 9 , 2 , 5 , 0
5949 , 5456 , 8 , 1 , 2 , 0
5950 , 4459 , 9 , 4 , 1 , 0
5951 , 6216 , 9 , 3 , 3 , 0
5952 , 6337 , 8 , 3 , 5 , 0
5953 , 4361 , 9 , 2 , 1 , 0
5954 , 4663 , 9 , 4 , 3 , 0
5955 , 4647 , 8 , 3 , 2 , 0
5956 , 5073 , 8 , 3 , 2 , 0
5957 , 4198 , 8 , 1 , 5 , 0
5958 , 6608 , 9 , 2 , 2 , 0
5959 , 4545 , 9 , 5 , 3 , 0
5960 , 6671 , 8 , 2 , 1 , 0
5961 , 6510 , 9 , 4 , 4 , 0
5962 , 5471 , 8 , 4 , 5 , 0
5963 , 5968 , 9 , 5 , 3 , 0
5964 , 5100 , 9 , 3 , 1 , 0
5965 , 4316 , 9 , 1 , 2 , 0
5966 , 5541 , 8 , 2 , 1 , 0
5967 , 4340 , 9 , 1 , 2 , 0
5968 , 4336 , 9 , 5 , 4 , 0
5969 , 6735 , 8 , 1 , 2 , 0
5970 , 6315 , 8 , 5 , 4 , 0
5971 , 5622 , 9 , 5 , 5 , 0
5972 , 6996 , 8 , 1 , 1 , 0
5973 , 5481 , 9 , 2 , 1 , 0
5974 , 6130 , 8 , 4 , 4 , 0
5975 , 6872 , 8 , 1 , 1 , 0
5976 , 6202 , 8 , 5 , 4 , 0
5977 , 6866 , 8 , 2 , 4 , 0
5978 , 6492 , 8 , 4 , 4 , 0
5979 , 6802 , 8 , 4 , 3 , 0
5980 , 5139 , 8 , 3 , 4 , 0
5981 , 4757 , 8 , 1 , 1 , 0
5982 , 4864 , 9 , 3 , 4 , 0
5983 , 6645 , 8 , 4 , 3 , 0
5984 , 5687 , 9 , 4 , 4 , 0
5985 , 4505 , 9 , 1 , 2 , 0
5986 , 6609 , 8 , 3 , 5 , 0
5987 , 4787 , 9 , 3 , 1 , 0
5988 , 6984 , 8 , 4 , 4 , 0
5989 , 4441 , 8 , 4 , 2 , 0
5990 , 6238 , 9 , 3 , 5 , 0
5991 , 4556 , 9 , 4 , 1 , 0
5992 , 6287 , 9 , 5 , 1 , 0
5993 , 4108 , 9 , 3 , 5 , 0
5994 , 5818 , 9 , 2 , 2 , 0
5995 , 6089 , 9 , 2 , 3 , 0
5996 , 6068 , 8 , 5 , 3 , 0
5997 , 4219 , 8 , 1 , 4 , 0
5998 , 4293 , 9 , 5 , 1 , 0
5999 , 4196 , 9 , 3 , 2 , 0
