6000 , 1009 , 1 , 4 , 3 , 0
6001 , 561 , 8 , 4 , 1 , 0
6002 , 1016 , 2 , 2 , 1 , 0
6003 , 349 , 3 , 2 , 3 , 0
6004 , 1134 , 8 , 4 , 2 , 0
6005 , 678 , 4 , 4 , 4 , 0
6006 , 347 , 4 , 2 , 1 , 0
6007 , 285 , 5 , 3 , 2 , 0
6008 , 1037 , 2 , 5 , 3 , 0
6009 , 546 , 2 , 4 , 3 , 0
6010 , 1113 , 1 , 1 , 5 , 0
6011 , 766 , 5 , 4 , 1 , 0
6012 , 1174 , 4 , 4 , 5 , 0
6013 , 727 , 4 , 2 , 4 , 0
6014 , 434 , 4 , 5 , 4 , 0
6015 , 640 , 1 , 3 , 3 , 0
6016 , 467 , 3 , 3 , 4 , 0
6017 , 1038 , 2 , 1 , 4 , 0
6018 , 328 , 2 , 2 , 5 , 0
6019 , 836 , 7 , 5 , 5 , 0
6020 , 324 , 5 , 2 , 4 , 0
6021 , 808 , 6 , 4 , 4 , 0
6022 , 730 , 2 , 5 , 4 , 0
6023 , 300 , 2 , 2 , 3 , 0
6024 , 276 , 6 , 4 , 2 , 0
6025 , 510 , 8 , 5 , 3 , 0
6026 , 826 , 8 , 1 , 3 , 0
6027 , 1016 , 8 , 4 , 1 , 0
6028 , 297 , 3 , 5 , 5 , 0
6029 , 1088 , 2 , 3 , 4 , 0
6030 , 985 , 8 , 2 , 1 , 0
6031 , 873 , 7 , 1 , 4 , 0
6032 , 447 , 1 , 4 , 1 , 0
6033 , 825 , 4 , 2 , 2 , 0
6034 , 1017 , 8 , 1 , 4 , 0
6035 , 225 , 2 , 2 , 5 , 0
6036 , 652 , 6 , 4 , 1 , 0
6037 , 432 , 8 , 4 , 1 , 0
6038 , 569 , 4 , 1 , 3 , 0
6039 , 1056 , 8 , 4 , 3 , 0
6040 , 812 , 6 , 2 , 1 , 0
6041 , 1079 , 6 , 1 , 1 , 0
6042 , 1156 , 3 , 5 , 5 , 0
6043 , 775 , 4 , 3 , 1 , 0
6044 , 958 , 6 , 2 , 1 , 0
6045 , 326 , 8 , 4 , 5 , 0
6046 , 1090 , 8 , 1 , 5 , 0
6047 , 544 , 4 , 5 , 5 , 0
6048 , 747 , 4 , 2 , 1 , 0
6049 , 224 , 6 , 2 , 2 , 0
6050 , 507 , 1 , 5 , 2 , 0
6051 , 674 , 6 , 3 , 1 , 0
6052 , 630 , 3 , 5 , 5 , 0
6053 , 1029 , 3 , 5 , 5 , 0
6054 , 1002 , 3 , 2 , 2 , 0
6055 , 425 , 5 , 1 , 5 , 0
6056 , 1173 , 2 , 1 , 2 , 0
6057 , 213 , 4 , 4 , 4 , 0
6058 , 1183 , 2 , 5 , 2 , 0
6059 , 859 , 8 , 2 , 2 , 0
6060 , 860 , 6 , 1 , 5 , 0
6061 , 418 , 7 , 4 , 1 , 0
6062 , 307 , 5 , 2 , 5 , 0
6063 , 715 , 2 , 2 , 2 , 0
6064 , 554 , 2 , 2 , 4 , 0
6065 , 389 , 8 , 2 , 1 , 0
6066 , 839 , 7 , 3 , 5 , 0
6067 , 961 , 2 , 1 , 4 , 0
6068 , 920 , 5 , 5 , 3 , 0
6069 , 535 , 5 , 2 , 1 , 0
6070 , 316 , 5 , 5 , 4 , 0
6071 , 895 , 4 , 2 , 4 , 0
6072 , 432 , 3 , 2 , 4 , 0
6073 , 792 , 3 , 5 , 5 , 0
6074 , 908 , 6 , 5 , 1 , 0
6075 , 773 , 4 , 4 , 3 , 0
6076 , 859 , 2 , 2 , 4 , 0
6077 , 419 , 6 , 4 , 1 , 0
6078 , 350 , 5 , 1 , 4 , 0
6079 , 836 , 1 , 4 , 5 , 0
6080 , 665 , 5 , 1 , 3 , 0
6081 , 623 , 3 , 4 , 4 , 0
6082 , 668 , 1 , 5 , 1 , 0
6083 , 246 , 6 , 5 , 5 , 0
6084 , 804 , 3 , 1 , 1 , 0
6085 , 1198 , 8 , 1 , 4 , 0
6086 , 1112 , 4 , 1 , 3 , 0
6087 , 1107 , 2 , 4 , 5 , 0
6088 , 884 , 8 , 1 , 3 , 0
6089 , 545 , 1 , 4 , 1 , 0
6090 , 1177 , 6 , 3 , 2 , 0
6091 , 332 , 8 , 2 , 1 , 0
6092 , 659 , 2 , 5 , 1 , 0
6093 , 769 , 4 , 5 , 3 , 0
6094 , 778 , 2 , 4 , 3 , 0
6095 , 202 , 7 , 5 , 5 , 0
6096 , 266 , 4 , 3 , 5 , 0
6097 , 614 , 6 , 3 , 5 , 0
6098 , 803 , 7 , 4 , 2 , 0
6099 , 1071 , 3 , 4 , 3 , 0
6100 , 1177 , 5 , 3 , 5 , 0
6101 , 419 , 3 , 1 , 1 , 0
6102 , 908 , 8 , 2 , 5 , 0
6103 , 315 , 8 , 1 , 5 , 0
6104 , 601 , 1 , 3 , 4 , 0
6105 , 583 , 1 , 2 , 2 , 0
6106 , 456 , 2 , 5 , 4 , 0
6107 , 504 , 5 , 3 , 1 , 0
6108 , 349 , 6 , 4 , 2 , 0
6109 , 596 , 4 , 5 , 2 , 0
6110 , 303 , 4 , 1 , 1 , 0
6111 , 1030 , 6 , 4 , 1 , 0
6112 , 924 , 8 , 1 , 1 , 0
6113 , 899 , 1 , 2 , 5 , 0
6114 , 1130 , 1 , 1 , 1 , 0
6115 , 830 , 8 , 3 , 2 , 0
6116 , 551 , 4 , 3 , 3 , 0
6117 , 445 , 6 , 4 , 2 , 0
6118 , 842 , 7 , 4 , 3 , 0
6119 , 625 , 7 , 5 , 3 , 0
6120 , 344 , 7 , 4 , 2 , 0
6121 , 402 , 8 , 2 , 2 , 0
6122 , 360 , 3 , 1 , 5 , 0
6123 , 1177 , 2 , 3 , 2 , 0
6124 , 399 , 6 , 5 , 4 , 0
6125 , 573 , 3 , 4 , 2 , 0
6126 , 718 , 1 , 5 , 4 , 0
6127 , 846 , 5 , 5 , 4 , 0
6128 , 1055 , 7 , 2 , 4 , 0
6129 , 397 , 5 , 2 , 4 , 0
6130 , 459 , 8 , 3 , 4 , 0
6131 , 1066 , 5 , 5 , 4 , 0
6132 , 590 , 6 , 3 , 2 , 0
6133 , 444 , 2 , 3 , 5 , 0
6134 , 665 , 3 , 5 , 5 , 0
6135 , 829 , 6 , 3 , 5 , 0
6136 , 256 , 1 , 1 , 1 , 0
6137 , 347 , 8 , 5 , 3 , 0
6138 , 354 , 8 , 1 , 1 , 0
6139 , 1016 , 7 , 1 , 3 , 0
6140 , 1132 , 3 , 3 , 3 , 0
6141 , 522 , 3 , 1 , 5 , 0
6142 , 501 , 3 , 4 , 2 , 0
6143 , 868 , 4 , 4 , 3 , 0
6144 , 227 , 3 , 2 , 2 , 0
6145 , 644 , 8 , 1 , 4 , 0
6146 , 213 , 3 , 4 , 3 , 0
6147 , 939 , 2 , 2 , 5 , 0
6148 , 807 , 5 , 2 , 3 , 0
6149 , 664 , 6 , 3 , 2 , 0
6150 , 282 , 3 , 4 , 5 , 0
6151 , 261 , 6 , 2 , 3 , 0
6152 , 793 , 7 , 2 , 5 , 0
6153 , 912 , 7 , 5 , 3 , 0
6154 , 1052 , 1 , 5 , 4 , 0
6155 , 908 , 5 , 1 , 5 , 0
6156 , 249 , 4 , 5 , 5 , 0
6157 , 421 , 3 , 1 , 1 , 0
6158 , 446 , 1 , 5 , 5 , 0
6159 , 1160 , 3 , 2 , 3 , 0
6160 , 857 , 3 , 1 , 2 , 0
6161 , 864 , 4 , 4 , 5 , 0
6162 , 664 , 2 , 5 , 3 , 0
6163 , 226 , 7 , 4 , 5 , 0
6164 , 865 , 8 , 5 , 1 , 0
6165 , 506 , 2 , 4 , 2 , 0
6166 , 443 , 7 , 1 , 5 , 0
6167 , 1179 , 5 , 2 , 1 , 0
6168 , 1099 , 1 , 2 , 2 , 0
6169 , 443 , 8 , 4 , 1 , 0
6170 , 920 , 6 , 3 , 5 , 0
6171 , 1053 , 2 , 3 , 3 , 0
6172 , 375 , 2 , 3 , 3 , 0
6173 , 1094 , 3 , 5 , 3 , 0
6174 , 1032 , 4 , 4 , 1 , 0
6175 , 632 , 3 , 4 , 4 , 0
6176 , 512 , 8 , 1 , 3 , 0
6177 , 290 , 1 , 1 , 2 , 0
6178 , 237 , 5 , 1 , 5 , 0
6179 , 317 , 5 , 5 , 4 , 0
6180 , 1044 , 8 , 3 , 1 , 0
6181 , 985 , 6 , 5 , 4 , 0
6182 , 518 , 7 , 3 , 3 , 0
6183 , 990 , 5 , 2 , 4 , 0
6184 , 398 , 7 , 3 , 4 , 0
6185 , 204 , 8 , 5 , 3 , 0
6186 , 341 , 7 , 5 , 1 , 0
6187 , 803 , 8 , 4 , 2 , 0
6188 , 447 , 3 , 1 , 1 , 0
6189 , 979 , 3 , 1 , 2 , 0
6190 , 1052 , 2 , 5 , 4 , 0
6191 , 886 , 3 , 2 , 5 , 0
6192 , 608 , 8 , 1 , 2 , 0
6193 , 1145 , 5 , 3 , 1 , 0
6194 , 739 , 5 , 2 , 4 , 0
6195 , 526 , 3 , 1 , 3 , 0
6196 , 473 , 3 , 5 , 2 , 0
6197 , 501 , 3 , 4 , 1 , 0
6198 , 794 , 4 , 1 , 2 , 0
6199 , 414 , 5 , 1 , 5 , 0
6200 , 1067 , 2 , 2 , 3 , 0
6201 , 537 , 1 , 1 , 1 , 0
6202 , 1012 , 5 , 4 , 4 , 0
6203 , 895 , 6 , 4 , 4 , 0
6204 , 552 , 1 , 4 , 2 , 0
6205 , 670 , 4 , 1 , 3 , 0
6206 , 217 , 5 , 5 , 3 , 0
6207 , 833 , 3 , 2 , 5 , 0
6208 , 481 , 5 , 4 , 1 , 0
6209 , 965 , 2 , 2 , 4 , 0
6210 , 1058 , 1 , 4 , 5 , 0
6211 , 245 , 1 , 5 , 5 , 0
6212 , 430 , 3 , 5 , 5 , 0
6213 , 302 , 7 , 4 , 5 , 0
6214 , 872 , 5 , 4 , 3 , 0
6215 , 1092 , 6 , 2 , 5 , 0
6216 , 865 , 1 , 3 , 4 , 0
6217 , 940 , 1 , 3 , 4 , 0
6218 , 548 , 7 , 4 , 5 , 0
6219 , 376 , 5 , 2 , 4 , 0
6220 , 1163 , 3 , 5 , 1 , 0
6221 , 374 , 5 , 1 , 2 , 0
6222 , 1087 , 4 , 5 , 2 , 0
6223 , 305 , 4 , 5 , 4 , 0
6224 , 780 , 6 , 5 , 5 , 0
6225 , 902 , 7 , 5 , 2 , 0
6226 , 234 , 1 , 2 , 3 , 0
6227 , 248 , 8 , 5 , 1 , 0
6228 , 581 , 7 , 3 , 2 , 0
6229 , 789 , 4 , 4 , 4 , 0
6230 , 1038 , 2 , 4 , 2 , 0
6231 , 511 , 6 , 1 , 3 , 0
6232 , 632 , 4 , 1 , 3 , 0
6233 , 756 , 2 , 3 , 1 , 0
6234 , 1180 , 5 , 2 , 5 , 0
6235 , 518 , 3 , 2 , 3 , 0
6236 , 598 , 1 , 4 , 1 , 0
6237 , 915 , 6 , 4 , 5 , 0
6238 , 374 , 7 , 4 , 4 , 0
6239 , 214 , 4 , 1 , 5 , 0
6240 , 840 , 3 , 1 , 2 , 0
6241 , 797 , 4 , 4 , 4 , 0
6242 , 459 , 5 , 3 , 1 , 0
6243 , 465 , 7 , 2 , 2 , 0
6244 , 437 , 8 , 2 , 4 , 0
6245 , 745 , 2 , 4 , 4 , 0
6246 , 662 , 4 , 3 , 4 , 0
6247 , 311 , 7 , 5 , 3 , 0
6248 , 1129 , 4 , 2 , 2 , 0
6249 , 481 , 4 , 1 , 3 , 0
6250 , 991 , 8 , 2 , 3 , 0
6251 , 369 , 2 , 2 , 2 , 0
6252 , 1099 , 4 , 3 , 2 , 0
6253 , 734 , 7 , 4 , 1 , 0
6254 , 406 , 7 , 2 , 1 , 0
6255 , 1161 , 5 , 4 , 4 , 0
6256 , 309 , 5 , 3 , 1 , 0
6257 , 265 , 2 , 4 , 1 , 0
6258 , 1006 , 6 , 3 , 2 , 0
6259 , 671 , 6 , 1 , 4 , 0
6260 , 663 , 5 , 3 , 1 , 0
6261 , 1034 , 7 , 4 , 5 , 0
6262 , 495 , 1 , 5 , 4 , 0
6263 , 748 , 8 , 3 , 3 , 0
6264 , 731 , 7 , 2 , 5 , 0
6265 , 227 , 5 , 2 , 4 , 0
6266 , 746 , 7 , 5 , 3 , 0
6267 , 202 , 1 , 4 , 1 , 0
6268 , 985 , 2 , 2 , 3 , 0
6269 , 1190 , 1 , 3 , 2 , 0
6270 , 360 , 3 , 4 , 4 , 0
6271 , 1057 , 7 , 4 , 3 , 0
6272 , 523 , 3 , 5 , 4 , 0
6273 , 914 , 7 , 5 , 5 , 0
6274 , 530 , 3 , 5 , 1 , 0
6275 , 258 , 5 , 2 , 1 , 0
6276 , 1002 , 5 , 3 , 1 , 0
6277 , 440 , 5 , 2 , 4 , 0
6278 , 441 , 3 , 1 , 4 , 0
6279 , 695 , 1 , 5 , 5 , 0
6280 , 662 , 7 , 4 , 4 , 0
6281 , 491 , 7 , 5 , 5 , 0
6282 , 759 , 2 , 5 , 3 , 0
6283 , 1064 , 1 , 3 , 5 , 0
6284 , 960 , 6 , 1 , 3 , 0
6285 , 723 , 3 , 4 , 2 , 0
6286 , 563 , 3 , 5 , 2 , 0
6287 , 734 , 8 , 5 , 4 , 0
6288 , 667 , 5 , 3 , 1 , 0
6289 , 360 , 5 , 4 , 5 , 0
6290 , 608 , 4 , 3 , 3 , 0
6291 , 771 , 5 , 3 , 1 , 0
6292 , 654 , 3 , 4 , 1 , 0
6293 , 364 , 3 , 2 , 3 , 0
6294 , 253 , 1 , 2 , 1 , 0
6295 , 639 , 3 , 1 , 1 , 0
6296 , 1066 , 4 , 5 , 1 , 0
6297 , 616 , 1 , 2 , 4 , 0
6298 , 797 , 1 , 4 , 2 , 0
6299 , 459 , 8 , 4 , 1 , 0
6300 , 649 , 5 , 1 , 4 , 0
6301 , 1157 , 5 , 3 , 3 , 0
6302 , 959 , 7 , 3 , 5 , 0
6303 , 1104 , 2 , 1 , 2 , 0
6304 , 1004 , 3 , 3 , 5 , 0
6305 , 212 , 4 , 2 , 2 , 0
6306 , 358 , 1 , 4 , 2 , 0
6307 , 368 , 4 , 4 , 2 , 0
6308 , 595 , 4 , 5 , 3 , 0
6309 , 1053 , 1 , 4 , 2 , 0
6310 , 1066 , 4 , 2 , 3 , 0
6311 , 220 , 5 , 5 , 3 , 0
6312 , 1168 , 4 , 2 , 1 , 0
6313 , 330 , 4 , 2 , 1 , 0
6314 , 1172 , 4 , 1 , 5 , 0
6315 , 971 , 8 , 3 , 3 , 0
6316 , 219 , 8 , 1 , 5 , 0
6317 , 700 , 8 , 5 , 3 , 0
6318 , 877 , 8 , 3 , 2 , 0
6319 , 768 , 4 , 3 , 4 , 0
6320 , 1022 , 6 , 2 , 3 , 0
6321 , 1084 , 2 , 3 , 4 , 0
6322 , 358 , 3 , 2 , 3 , 0
6323 , 595 , 4 , 5 , 2 , 0
6324 , 257 , 2 , 5 , 2 , 0
6325 , 907 , 8 , 1 , 2 , 0
6326 , 400 , 3 , 3 , 5 , 0
6327 , 694 , 7 , 1 , 2 , 0
6328 , 342 , 1 , 2 , 4 , 0
6329 , 514 , 6 , 4 , 5 , 0
6330 , 884 , 4 , 4 , 3 , 0
6331 , 801 , 8 , 2 , 5 , 0
6332 , 526 , 8 , 3 , 5 , 0
6333 , 1177 , 2 , 1 , 4 , 0
6334 , 260 , 4 , 4 , 5 , 0
6335 , 637 , 6 , 3 , 4 , 0
6336 , 217 , 5 , 1 , 1 , 0
6337 , 818 , 1 , 5 , 5 , 0
6338 , 263 , 1 , 4 , 1 , 0
6339 , 1076 , 5 , 1 , 5 , 0
6340 , 385 , 4 , 5 , 1 , 0
6341 , 943 , 7 , 5 , 2 , 0
6342 , 855 , 5 , 2 , 1 , 0
6343 , 933 , 1 , 2 , 1 , 0
6344 , 814 , 2 , 2 , 3 , 0
6345 , 894 , 1 , 4 , 5 , 0
6346 , 550 , 8 , 2 , 1 , 0
6347 , 1068 , 1 , 4 , 4 , 0
6348 , 274 , 4 , 5 , 5 , 0
6349 , 795 , 5 , 5 , 3 , 0
6350 , 667 , 6 , 4 , 3 , 0
6351 , 543 , 8 , 1 , 4 , 0
6352 , 1078 , 8 , 5 , 5 , 0
6353 , 566 , 8 , 3 , 5 , 0
6354 , 345 , 3 , 1 , 3 , 0
6355 , 1121 , 5 , 5 , 3 , 0
6356 , 410 , 2 , 3 , 1 , 0
6357 , 559 , 6 , 3 , 4 , 0
6358 , 720 , 5 , 5 , 3 , 0
6359 , 426 , 4 , 1 , 2 , 0
6360 , 496 , 7 , 2 , 5 , 0
6361 , 584 , 4 , 3 , 5 , 0
6362 , 865 , 8 , 4 , 5 , 0
6363 , 740 , 1 , 3 , 2 , 0
6364 , 320 , 4 , 5 , 5 , 0
6365 , 1146 , 8 , 2 , 2 , 0
6366 , 581 , 3 , 1 , 5 , 0
6367 , 1167 , 3 , 5 , 2 , 0
6368 , 868 , 7 , 3 , 2 , 0
6369 , 398 , 7 , 2 , 4 , 0
6370 , 797 , 1 , 1 , 3 , 0
6371 , 892 , 6 , 5 , 1 , 0
6372 , 844 , 4 , 5 , 1 , 0
6373 , 1005 , 5 , 4 , 4 , 0
6374 , 1130 , 8 , 4 , 1 , 0
6375 , 812 , 7 , 3 , 1 , 0
6376 , 842 , 8 , 1 , 1 , 0
6377 , 1080 , 8 , 2 , 4 , 0
6378 , 445 , 5 , 1 , 1 , 0
6379 , 1169 , 2 , 2 , 1 , 0
6380 , 367 , 1 , 5 , 2 , 0
6381 , 439 , 4 , 1 , 3 , 0
6382 , 791 , 4 , 2 , 4 , 0
6383 , 571 , 6 , 4 , 2 , 0
6384 , 539 , 3 , 3 , 2 , 0
6385 , 700 , 7 , 1 , 3 , 0
6386 , 658 , 4 , 3 , 2 , 0
6387 , 396 , 7 , 4 , 5 , 0
6388 , 584 , 3 , 3 , 3 , 0
6389 , 448 , 5 , 1 , 3 , 0
6390 , 1069 , 8 , 3 , 3 , 0
6391 , 580 , 2 , 5 , 1 , 0
6392 , 230 , 6 , 5 , 5 , 0
6393 , 724 , 3 , 1 , 1 , 0
6394 , 290 , 6 , 1 , 5 , 0
6395 , 788 , 3 , 2 , 2 , 0
6396 , 503 , 2 , 2 , 2 , 0
6397 , 729 , 8 , 5 , 4 , 0
6398 , 1011 , 2 , 2 , 1 , 0
6399 , 437 , 1 , 5 , 5 , 0
6400 , 659 , 3 , 4 , 4 , 0
6401 , 311 , 6 , 5 , 1 , 0
6402 , 816 , 3 , 5 , 5 , 0
6403 , 793 , 8 , 3 , 2 , 0
6404 , 908 , 6 , 1 , 3 , 0
6405 , 1137 , 5 , 4 , 2 , 0
6406 , 209 , 4 , 3 , 3 , 0
6407 , 1136 , 5 , 1 , 2 , 0
6408 , 651 , 8 , 3 , 1 , 0
6409 , 1014 , 7 , 1 , 2 , 0
6410 , 481 , 3 , 1 , 4 , 0
6411 , 484 , 5 , 3 , 3 , 0
6412 , 432 , 7 , 4 , 5 , 0
6413 , 224 , 4 , 3 , 2 , 0
6414 , 800 , 4 , 3 , 5 , 0
6415 , 596 , 5 , 3 , 4 , 0
6416 , 877 , 7 , 1 , 1 , 0
6417 , 616 , 6 , 5 , 3 , 0
6418 , 1079 , 6 , 5 , 2 , 0
6419 , 396 , 2 , 4 , 5 , 0
6420 , 482 , 5 , 4 , 5 , 0
6421 , 470 , 5 , 2 , 3 , 0
6422 , 767 , 4 , 2 , 4 , 0
6423 , 434 , 1 , 4 , 3 , 0
6424 , 249 , 6 , 2 , 3 , 0
6425 , 1061 , 3 , 1 , 4 , 0
6426 , 481 , 4 , 1 , 3 , 0
6427 , 457 , 7 , 1 , 4 , 0
6428 , 1011 , 8 , 4 , 3 , 0
6429 , 516 , 8 , 5 , 1 , 0
6430 , 870 , 3 , 3 , 5 , 0
6431 , 729 , 8 , 1 , 2 , 0
6432 , 760 , 7 , 4 , 5 , 0
6433 , 685 , 7 , 1 , 5 , 0
6434 , 871 , 5 , 1 , 3 , 0
6435 , 827 , 3 , 4 , 3 , 0
6436 , 1049 , 8 , 4 , 1 , 0
6437 , 465 , 5 , 1 , 3 , 0
6438 , 414 , 8 , 3 , 4 , 0
6439 , 649 , 4 , 3 , 4 , 0
6440 , 481 , 1 , 4 , 1 , 0
6441 , 593 , 8 , 4 , 4 , 0
6442 , 674 , 1 , 2 , 5 , 0
6443 , 827 , 8 , 4 , 1 , 0
6444 , 1174 , 6 , 4 , 1 , 0
6445 , 814 , 4 , 3 , 2 , 0
6446 , 1014 , 5 , 5 , 2 , 0
6447 , 1131 , 4 , 1 , 2 , 0
6448 , 260 , 4 , 2 , 1 , 0
6449 , 208 , 7 , 3 , 3 , 0
6450 , 465 , 1 , 5 , 5 , 0
6451 , 400 , 5 , 3 , 1 , 0
6452 , 274 , 8 , 5 , 2 , 0
6453 , 753 , 5 , 5 , 3 , 0
6454 , 1134 , 1 , 5 , 2 , 0
6455 , 501 , 1 , 2 , 5 , 0
6456 , 489 , 8 , 2 , 5 , 0
6457 , 954 , 4 , 3 , 1 , 0
6458 , 293 , 3 , 3 , 2 , 0
6459 , 259 , 3 , 5 , 1 , 0
6460 , 779 , 7 , 1 , 3 , 0
6461 , 1172 , 1 , 1 , 1 , 0
6462 , 710 , 4 , 1 , 1 , 0
6463 , 785 , 1 , 4 , 4 , 0
6464 , 409 , 5 , 3 , 4 , 0
6465 , 952 , 8 , 3 , 4 , 0
6466 , 284 , 1 , 4 , 3 , 0
6467 , 507 , 8 , 5 , 2 , 0
6468 , 435 , 4 , 3 , 2 , 0
6469 , 1119 , 6 , 1 , 5 , 0
6470 , 1063 , 6 , 1 , 2 , 0
6471 , 631 , 5 , 1 , 3 , 0
6472 , 267 , 3 , 3 , 1 , 0
6473 , 1177 , 1 , 5 , 1 , 0
6474 , 648 , 1 , 5 , 4 , 0
6475 , 408 , 5 , 2 , 1 , 0
6476 , 530 , 5 , 5 , 4 , 0
6477 , 568 , 6 , 5 , 1 , 0
6478 , 520 , 7 , 4 , 2 , 0
6479 , 454 , 5 , 5 , 2 , 0
6480 , 392 , 2 , 4 , 4 , 0
6481 , 605 , 1 , 5 , 3 , 0
6482 , 1136 , 5 , 2 , 4 , 0
6483 , 922 , 2 , 5 , 2 , 0
6484 , 430 , 4 , 2 , 4 , 0
6485 , 1193 , 7 , 2 , 5 , 0
6486 , 490 , 7 , 4 , 1 , 0
6487 , 294 , 1 , 4 , 4 , 0
6488 , 423 , 2 , 3 , 2 , 0
6489 , 837 , 6 , 1 , 2 , 0
6490 , 509 , 3 , 2 , 5 , 0
6491 , 706 , 8 , 4 , 5 , 0
6492 , 513 , 8 , 2 , 5 , 0
6493 , 826 , 3 , 1 , 1 , 0
6494 , 388 , 6 , 2 , 4 , 0
6495 , 1119 , 2 , 1 , 4 , 0
6496 , 776 , 3 , 5 , 2 , 0
6497 , 704 , 2 , 3 , 1 , 0
6498 , 910 , 5 , 1 , 1 , 0
6499 , 575 , 5 , 2 , 2 , 0
6500 , 771 , 8 , 5 , 1 , 0
6501 , 761 , 1 , 3 , 3 , 0
6502 , 1014 , 5 , 3 , 2 , 0
6503 , 594 , 6 , 5 , 4 , 0
6504 , 715 , 5 , 2 , 4 , 0
6505 , 430 , 4 , 4 , 1 , 0
6506 , 955 , 2 , 5 , 3 , 0
6507 , 273 , 2 , 5 , 2 , 0
6508 , 202 , 6 , 1 , 5 , 0
6509 , 1152 , 8 , 2 , 2 , 0
6510 , 640 , 2 , 3 , 5 , 0
6511 , 1078 , 7 , 4 , 2 , 0
6512 , 745 , 1 , 1 , 2 , 0
6513 , 936 , 3 , 1 , 3 , 0
6514 , 645 , 2 , 4 , 5 , 0
6515 , 241 , 8 , 2 , 5 , 0
6516 , 888 , 1 , 1 , 5 , 0
6517 , 686 , 2 , 4 , 4 , 0
6518 , 1155 , 6 , 5 , 3 , 0
6519 , 555 , 3 , 4 , 1 , 0
6520 , 985 , 5 , 4 , 4 , 0
6521 , 1069 , 1 , 4 , 4 , 0
6522 , 987 , 5 , 2 , 4 , 0
6523 , 310 , 6 , 1 , 1 , 0
6524 , 684 , 1 , 5 , 2 , 0
6525 , 372 , 6 , 1 , 1 , 0
6526 , 222 , 2 , 4 , 4 , 0
6527 , 1010 , 4 , 5 , 2 , 0
6528 , 331 , 2 , 3 , 1 , 0
6529 , 605 , 5 , 3 , 4 , 0
6530 , 533 , 3 , 2 , 3 , 0
6531 , 312 , 3 , 3 , 1 , 0
6532 , 527 , 6 , 4 , 1 , 0
6533 , 753 , 4 , 4 , 1 , 0
6534 , 1049 , 4 , 3 , 1 , 0
6535 , 1050 , 1 , 5 , 1 , 0
6536 , 992 , 1 , 2 , 1 , 0
6537 , 481 , 7 , 3 , 2 , 0
6538 , 683 , 4 , 3 , 5 , 0
6539 , 936 , 1 , 5 , 2 , 0
6540 , 664 , 8 , 3 , 1 , 0
6541 , 693 , 4 , 3 , 5 , 0
6542 , 693 , 6 , 5 , 2 , 0
6543 , 747 , 1 , 3 , 4 , 0
6544 , 487 , 1 , 1 , 4 , 0
6545 , 863 , 7 , 3 , 5 , 0
6546 , 846 , 8 , 2 , 5 , 0
6547 , 332 , 7 , 4 , 2 , 0
6548 , 351 , 7 , 3 , 3 , 0
6549 , 592 , 6 , 1 , 4 , 0
6550 , 217 , 6 , 2 , 1 , 0
6551 , 333 , 6 , 1 , 4 , 0
6552 , 880 , 1 , 3 , 3 , 0
6553 , 777 , 5 , 4 , 4 , 0
6554 , 277 , 7 , 2 , 2 , 0
6555 , 583 , 5 , 4 , 3 , 0
6556 , 228 , 3 , 3 , 5 , 0
6557 , 939 , 2 , 2 , 5 , 0
6558 , 765 , 6 , 3 , 2 , 0
6559 , 969 , 7 , 2 , 1 , 0
6560 , 1012 , 3 , 4 , 1 , 0
6561 , 1015 , 1 , 1 , 2 , 0
6562 , 1009 , 1 , 4 , 2 , 0
6563 , 694 , 3 , 4 , 4 , 0
6564 , 640 , 5 , 4 , 1 , 0
6565 , 221 , 8 , 3 , 4 , 0
6566 , 1026 , 5 , 4 , 2 , 0
6567 , 510 , 4 , 1 , 1 , 0
6568 , 338 , 6 , 4 , 5 , 0
6569 , 224 , 4 , 3 , 3 , 0
6570 , 384 , 6 , 1 , 4 , 0
6571 , 371 , 1 , 5 , 2 , 0
6572 , 1082 , 3 , 3 , 1 , 0
6573 , 1087 , 1 , 4 , 2 , 0
6574 , 998 , 3 , 3 , 3 , 0
6575 , 973 , 5 , 5 , 4 , 0
6576 , 1090 , 1 , 5 , 2 , 0
6577 , 748 , 4 , 1 , 1 , 0
6578 , 292 , 7 , 5 , 4 , 0
6579 , 477 , 7 , 2 , 5 , 0
6580 , 290 , 6 , 5 , 2 , 0
6581 , 808 , 3 , 3 , 4 , 0
6582 , 996 , 8 , 5 , 2 , 0
6583 , 837 , 2 , 1 , 2 , 0
6584 , 1044 , 6 , 1 , 1 , 0
6585 , 627 , 2 , 5 , 1 , 0
6586 , 469 , 2 , 5 , 2 , 0
6587 , 1037 , 5 , 1 , 4 , 0
6588 , 1081 , 7 , 4 , 4 , 0
6589 , 424 , 7 , 5 , 3 , 0
6590 , 1105 , 4 , 3 , 2 , 0
6591 , 742 , 3 , 5 , 5 , 0
6592 , 521 , 4 , 5 , 1 , 0
6593 , 598 , 7 , 2 , 1 , 0
6594 , 890 , 1 , 5 , 1 , 0
6595 , 537 , 3 , 1 , 2 , 0
6596 , 814 , 4 , 1 , 2 , 0
6597 , 599 , 6 , 4 , 5 , 0
6598 , 495 , 7 , 2 , 3 , 0
6599 , 720 , 1 , 2 , 1 , 0
6600 , 688 , 3 , 3 , 3 , 0
6601 , 1020 , 1 , 4 , 4 , 0
6602 , 379 , 2 , 2 , 3 , 0
6603 , 628 , 1 , 4 , 3 , 0
6604 , 1161 , 7 , 5 , 2 , 0
6605 , 694 , 6 , 1 , 3 , 0
6606 , 645 , 1 , 1 , 4 , 0
6607 , 1036 , 2 , 3 , 2 , 0
6608 , 490 , 3 , 5 , 1 , 0
6609 , 485 , 2 , 2 , 4 , 0
6610 , 1072 , 7 , 2 , 3 , 0
6611 , 419 , 7 , 1 , 3 , 0
6612 , 875 , 6 , 1 , 4 , 0
6613 , 228 , 1 , 5 , 3 , 0
6614 , 812 , 2 , 5 , 4 , 0
6615 , 881 , 7 , 2 , 4 , 0
6616 , 1182 , 5 , 3 , 4 , 0
6617 , 746 , 8 , 2 , 2 , 0
6618 , 1113 , 6 , 1 , 1 , 0
6619 , 416 , 6 , 5 , 5 , 0
6620 , 947 , 3 , 1 , 3 , 0
6621 , 953 , 5 , 1 , 3 , 0
6622 , 562 , 2 , 2 , 1 , 0
6623 , 840 , 8 , 1 , 2 , 0
6624 , 564 , 7 , 2 , 3 , 0
6625 , 714 , 5 , 3 , 1 , 0
6626 , 263 , 1 , 4 , 4 , 0
6627 , 1050 , 4 , 3 , 2 , 0
6628 , 985 , 5 , 5 , 5 , 0
6629 , 477 , 4 , 1 , 2 , 0
6630 , 545 , 1 , 1 , 1 , 0
6631 , 959 , 6 , 1 , 5 , 0
6632 , 748 , 2 , 5 , 3 , 0
6633 , 533 , 8 , 2 , 1 , 0
6634 , 522 , 7 , 1 , 5 , 0
6635 , 217 , 3 , 4 , 4 , 0
6636 , 374 , 4 , 2 , 5 , 0
6637 , 409 , 5 , 1 , 1 , 0
6638 , 1185 , 7 , 1 , 3 , 0
6639 , 680 , 7 , 5 , 4 , 0
6640 , 1159 , 6 , 2 , 3 , 0
6641 , 972 , 8 , 5 , 4 , 0
6642 , 504 , 8 , 3 , 4 , 0
6643 , 206 , 1 , 5 , 2 , 0
6644 , 809 , 7 , 5 , 1 , 0
6645 , 749 , 8 , 2 , 5 , 0
6646 , 985 , 5 , 4 , 4 , 0
6647 , 443 , 5 , 3 , 4 , 0
6648 , 996 , 4 , 3 , 5 , 0
6649 , 261 , 7 , 5 , 4 , 0
6650 , 1067 , 4 , 1 , 2 , 0
6651 , 1000 , 8 , 5 , 4 , 0
6652 , 530 , 8 , 2 , 3 , 0
6653 , 655 , 4 , 1 , 4 , 0
6654 , 225 , 1 , 3 , 3 , 0
6655 , 542 , 7 , 4 , 4 , 0
6656 , 1075 , 2 , 4 , 3 , 0
6657 , 1027 , 4 , 2 , 1 , 0
6658 , 450 , 3 , 1 , 4 , 0
6659 , 279 , 6 , 3 , 4 , 0
6660 , 857 , 6 , 4 , 2 , 0
6661 , 521 , 3 , 1 , 4 , 0
6662 , 497 , 5 , 4 , 4 , 0
6663 , 971 , 4 , 5 , 2 , 0
6664 , 453 , 2 , 4 , 5 , 0
6665 , 891 , 7 , 4 , 3 , 0
6666 , 366 , 5 , 1 , 4 , 0
6667 , 884 , 5 , 5 , 2 , 0
6668 , 887 , 1 , 5 , 2 , 0
6669 , 1130 , 4 , 1 , 4 , 0
6670 , 474 , 7 , 2 , 1 , 0
6671 , 1185 , 6 , 3 , 5 , 0
6672 , 265 , 2 , 1 , 1 , 0
6673 , 335 , 8 , 3 , 3 , 0
6674 , 909 , 2 , 2 , 4 , 0
6675 , 813 , 4 , 1 , 3 , 0
6676 , 795 , 1 , 4 , 3 , 0
6677 , 963 , 7 , 5 , 5 , 0
6678 , 602 , 1 , 5 , 5 , 0
6679 , 801 , 4 , 2 , 5 , 0
6680 , 959 , 4 , 4 , 3 , 0
6681 , 302 , 7 , 4 , 5 , 0
6682 , 650 , 2 , 5 , 5 , 0
6683 , 301 , 3 , 1 , 5 , 0
6684 , 534 , 7 , 1 , 5 , 0
6685 , 426 , 5 , 4 , 5 , 0
6686 , 644 , 2 , 4 , 3 , 0
6687 , 594 , 6 , 1 , 2 , 0
6688 , 760 , 7 , 2 , 2 , 0
6689 , 665 , 4 , 2 , 4 , 0
6690 , 770 , 5 , 1 , 2 , 0
6691 , 969 , 2 , 4 , 1 , 0
6692 , 1134 , 1 , 1 , 4 , 0
6693 , 858 , 4 , 1 , 2 , 0
6694 , 669 , 1 , 3 , 1 , 0
6695 , 1036 , 4 , 1 , 5 , 0
6696 , 507 , 2 , 5 , 5 , 0
6697 , 222 , 8 , 3 , 5 , 0
6698 , 999 , 3 , 3 , 1 , 0
6699 , 1139 , 1 , 5 , 1 , 0
6700 , 1174 , 8 , 5 , 4 , 0
6701 , 752 , 5 , 3 , 4 , 0
6702 , 1063 , 8 , 5 , 5 , 0
6703 , 295 , 6 , 1 , 4 , 0
6704 , 512 , 7 , 2 , 5 , 0
6705 , 703 , 1 , 5 , 4 , 0
6706 , 608 , 5 , 5 , 5 , 0
6707 , 290 , 8 , 2 , 2 , 0
6708 , 539 , 5 , 5 , 2 , 0
6709 , 1070 , 8 , 4 , 4 , 0
6710 , 217 , 6 , 2 , 1 , 0
6711 , 700 , 4 , 1 , 3 , 0
6712 , 471 , 5 , 5 , 4 , 0
6713 , 532 , 8 , 1 , 1 , 0
6714 , 413 , 1 , 4 , 3 , 0
6715 , 831 , 7 , 3 , 5 , 0
6716 , 663 , 6 , 3 , 3 , 0
6717 , 1163 , 6 , 3 , 2 , 0
6718 , 908 , 3 , 2 , 5 , 0
6719 , 506 , 6 , 1 , 2 , 0
6720 , 321 , 4 , 1 , 5 , 0
6721 , 756 , 6 , 2 , 5 , 0
6722 , 311 , 1 , 3 , 1 , 0
6723 , 400 , 6 , 4 , 1 , 0
6724 , 521 , 4 , 4 , 3 , 0
6725 , 615 , 5 , 2 , 5 , 0
6726 , 1151 , 7 , 4 , 1 , 0
6727 , 666 , 4 , 5 , 2 , 0
6728 , 613 , 4 , 5 , 5 , 0
6729 , 423 , 1 , 2 , 1 , 0
6730 , 741 , 3 , 2 , 5 , 0
6731 , 496 , 5 , 5 , 4 , 0
6732 , 937 , 8 , 4 , 1 , 0
6733 , 635 , 7 , 2 , 3 , 0
6734 , 274 , 2 , 1 , 2 , 0
6735 , 523 , 6 , 2 , 2 , 0
6736 , 372 , 5 , 2 , 4 , 0
6737 , 741 , 3 , 2 , 4 , 0
6738 , 687 , 1 , 3 , 1 , 0
6739 , 612 , 5 , 2 , 1 , 0
6740 , 976 , 1 , 4 , 3 , 0
6741 , 894 , 2 , 5 , 1 , 0
6742 , 685 , 4 , 1 , 3 , 0
6743 , 421 , 5 , 3 , 2 , 0
6744 , 773 , 7 , 1 , 5 , 0
6745 , 311 , 2 , 5 , 1 , 0
6746 , 446 , 1 , 3 , 1 , 0
6747 , 1102 , 4 , 3 , 2 , 0
6748 , 1085 , 6 , 3 , 5 , 0
6749 , 992 , 8 , 1 , 3 , 0
6750 , 337 , 5 , 4 , 3 , 0
6751 , 560 , 7 , 3 , 3 , 0
6752 , 464 , 3 , 4 , 5 , 0
6753 , 1195 , 8 , 5 , 4 , 0
6754 , 625 , 5 , 4 , 5 , 0
6755 , 317 , 3 , 3 , 4 , 0
6756 , 952 , 1 , 3 , 5 , 0
6757 , 690 , 7 , 4 , 5 , 0
6758 , 493 , 6 , 4 , 5 , 0
6759 , 605 , 6 , 5 , 1 , 0
6760 , 709 , 7 , 1 , 1 , 0
6761 , 388 , 4 , 2 , 1 , 0
6762 , 1144 , 4 , 1 , 2 , 0
6763 , 233 , 3 , 1 , 5 , 0
6764 , 345 , 1 , 5 , 1 , 0
6765 , 443 , 1 , 1 , 3 , 0
6766 , 1194 , 5 , 2 , 1 , 0
6767 , 1147 , 8 , 3 , 5 , 0
6768 , 781 , 4 , 1 , 3 , 0
6769 , 807 , 5 , 5 , 4 , 0
6770 , 699 , 6 , 5 , 3 , 0
6771 , 291 , 2 , 3 , 1 , 0
6772 , 577 , 6 , 5 , 3 , 0
6773 , 867 , 5 , 2 , 5 , 0
6774 , 558 , 3 , 2 , 5 , 0
6775 , 474 , 7 , 1 , 2 , 0
6776 , 1031 , 3 , 1 , 1 , 0
6777 , 534 , 5 , 2 , 5 , 0
6778 , 1067 , 3 , 5 , 4 , 0
6779 , 626 , 2 , 5 , 3 , 0
6780 , 1039 , 8 , 3 , 5 , 0
6781 , 810 , 3 , 4 , 3 , 0
6782 , 1019 , 1 , 5 , 4 , 0
6783 , 499 , 1 , 4 , 1 , 0
6784 , 1123 , 2 , 3 , 1 , 0
6785 , 1112 , 3 , 1 , 1 , 0
6786 , 568 , 3 , 1 , 3 , 0
6787 , 230 , 2 , 2 , 3 , 0
6788 , 1132 , 7 , 4 , 1 , 0
6789 , 209 , 3 , 5 , 1 , 0
6790 , 785 , 5 , 3 , 1 , 0
6791 , 1133 , 8 , 5 , 3 , 0
6792 , 266 , 3 , 4 , 4 , 0
6793 , 246 , 7 , 1 , 1 , 0
6794 , 1064 , 6 , 5 , 2 , 0
6795 , 1095 , 1 , 5 , 2 , 0
6796 , 871 , 3 , 2 , 4 , 0
6797 , 535 , 5 , 1 , 5 , 0
6798 , 1142 , 1 , 3 , 2 , 0
6799 , 912 , 3 , 3 , 2 , 0
6800 , 443 , 4 , 2 , 5 , 0
6801 , 799 , 1 , 1 , 4 , 0
6802 , 501 , 4 , 2 , 5 , 0
6803 , 374 , 1 , 5 , 4 , 0
6804 , 280 , 4 , 1 , 2 , 0
6805 , 1117 , 1 , 5 , 1 , 0
6806 , 924 , 4 , 2 , 2 , 0
6807 , 604 , 2 , 2 , 5 , 0
6808 , 486 , 7 , 2 , 4 , 0
6809 , 1099 , 1 , 2 , 5 , 0
6810 , 366 , 5 , 5 , 5 , 0
6811 , 1147 , 1 , 1 , 5 , 0
6812 , 695 , 2 , 1 , 5 , 0
6813 , 978 , 7 , 3 , 2 , 0
6814 , 507 , 5 , 2 , 3 , 0
6815 , 602 , 4 , 1 , 2 , 0
6816 , 1004 , 2 , 2 , 5 , 0
6817 , 402 , 7 , 5 , 3 , 0
6818 , 923 , 1 , 4 , 4 , 0
6819 , 652 , 1 , 2 , 3 , 0
6820 , 533 , 5 , 3 , 5 , 0
6821 , 838 , 7 , 3 , 4 , 0
6822 , 345 , 6 , 1 , 3 , 0
6823 , 993 , 3 , 4 , 3 , 0
6824 , 452 , 7 , 5 , 3 , 0
6825 , 1125 , 3 , 4 , 2 , 0
6826 , 1053 , 1 , 5 , 4 , 0
6827 , 595 , 1 , 5 , 5 , 0
6828 , 217 , 5 , 3 , 4 , 0
6829 , 577 , 1 , 4 , 3 , 0
6830 , 440 , 6 , 3 , 1 , 0
6831 , 1098 , 6 , 4 , 4 , 0
6832 , 294 , 5 , 3 , 1 , 0
6833 , 843 , 6 , 1 , 5 , 0
6834 , 643 , 3 , 2 , 5 , 0
6835 , 839 , 1 , 2 , 4 , 0
6836 , 788 , 3 , 1 , 2 , 0
6837 , 772 , 6 , 5 , 5 , 0
6838 , 335 , 5 , 2 , 1 , 0
6839 , 324 , 5 , 2 , 5 , 0
6840 , 539 , 4 , 4 , 5 , 0
6841 , 1133 , 6 , 2 , 1 , 0
6842 , 893 , 8 , 2 , 4 , 0
6843 , 945 , 1 , 2 , 3 , 0
6844 , 524 , 5 , 1 , 1 , 0
6845 , 1158 , 4 , 4 , 5 , 0
6846 , 887 , 3 , 2 , 1 , 0
6847 , 847 , 1 , 2 , 3 , 0
6848 , 809 , 4 , 2 , 1 , 0
6849 , 1193 , 4 , 2 , 3 , 0
6850 , 548 , 1 , 2 , 2 , 0
6851 , 863 , 1 , 4 , 5 , 0
6852 , 555 , 5 , 5 , 4 , 0
6853 , 1167 , 4 , 1 , 1 , 0
6854 , 263 , 8 , 5 , 2 , 0
6855 , 467 , 8 , 4 , 2 , 0
6856 , 507 , 5 , 2 , 4 , 0
6857 , 1153 , 1 , 4 , 4 , 0
6858 , 1199 , 4 , 4 , 4 , 0
6859 , 1011 , 1 , 1 , 5 , 0
6860 , 321 , 1 , 2 , 4 , 0
6861 , 928 , 7 , 3 , 5 , 0
6862 , 1175 , 4 , 4 , 3 , 0
6863 , 681 , 3 , 2 , 5 , 0
6864 , 1038 , 7 , 5 , 1 , 0
6865 , 605 , 3 , 3 , 5 , 0
6866 , 446 , 3 , 1 , 5 , 0
6867 , 733 , 2 , 4 , 1 , 0
6868 , 1036 , 3 , 4 , 5 , 0
6869 , 960 , 4 , 5 , 1 , 0
6870 , 647 , 7 , 1 , 2 , 0
6871 , 680 , 2 , 1 , 1 , 0
6872 , 428 , 2 , 2 , 5 , 0
6873 , 531 , 4 , 5 , 4 , 0
6874 , 738 , 5 , 2 , 1 , 0
6875 , 532 , 2 , 1 , 1 , 0
6876 , 462 , 2 , 1 , 4 , 0
6877 , 479 , 2 , 5 , 2 , 0
6878 , 480 , 1 , 1 , 5 , 0
6879 , 280 , 6 , 5 , 4 , 0
6880 , 244 , 6 , 5 , 4 , 0
6881 , 381 , 3 , 2 , 1 , 0
6882 , 762 , 1 , 4 , 2 , 0
6883 , 608 , 3 , 2 , 2 , 0
6884 , 206 , 5 , 4 , 2 , 0
6885 , 630 , 3 , 4 , 2 , 0
6886 , 1089 , 2 , 1 , 4 , 0
6887 , 1066 , 5 , 3 , 5 , 0
6888 , 830 , 4 , 5 , 3 , 0
6889 , 994 , 7 , 2 , 3 , 0
6890 , 822 , 1 , 5 , 3 , 0
6891 , 1089 , 3 , 4 , 3 , 0
6892 , 885 , 6 , 5 , 5 , 0
6893 , 252 , 6 , 5 , 5 , 0
6894 , 898 , 3 , 5 , 2 , 0
6895 , 709 , 1 , 2 , 3 , 0
6896 , 379 , 2 , 5 , 4 , 0
6897 , 443 , 2 , 3 , 4 , 0
6898 , 767 , 4 , 1 , 2 , 0
6899 , 264 , 4 , 1 , 1 , 0
6900 , 730 , 4 , 4 , 4 , 0
6901 , 577 , 2 , 1 , 1 , 0
6902 , 644 , 2 , 4 , 1 , 0
6903 , 881 , 8 , 4 , 5 , 0
6904 , 1090 , 1 , 4 , 3 , 0
6905 , 423 , 3 , 1 , 4 , 0
6906 , 220 , 2 , 4 , 4 , 0
6907 , 652 , 4 , 2 , 1 , 0
6908 , 213 , 7 , 5 , 4 , 0
6909 , 1070 , 1 , 2 , 5 , 0
6910 , 374 , 8 , 1 , 5 , 0
6911 , 415 , 4 , 3 , 5 , 0
6912 , 243 , 2 , 5 , 2 , 0
6913 , 1094 , 2 , 5 , 4 , 0
6914 , 1117 , 3 , 3 , 1 , 0
6915 , 397 , 5 , 4 , 3 , 0
6916 , 886 , 7 , 1 , 5 , 0
6917 , 585 , 2 , 5 , 3 , 0
6918 , 681 , 6 , 2 , 3 , 0
6919 , 534 , 4 , 3 , 1 , 0
6920 , 431 , 3 , 2 , 5 , 0
6921 , 777 , 7 , 4 , 2 , 0
6922 , 242 , 7 , 5 , 5 , 0
6923 , 571 , 6 , 5 , 2 , 0
6924 , 614 , 4 , 3 , 2 , 0
6925 , 909 , 5 , 5 , 3 , 0
6926 , 467 , 2 , 1 , 2 , 0
6927 , 694 , 7 , 2 , 3 , 0
6928 , 1021 , 6 , 3 , 2 , 0
6929 , 254 , 2 , 3 , 5 , 0
6930 , 388 , 6 , 2 , 5 , 0
6931 , 247 , 6 , 3 , 1 , 0
6932 , 572 , 6 , 1 , 1 , 0
6933 , 519 , 2 , 4 , 4 , 0
6934 , 1182 , 6 , 2 , 4 , 0
6935 , 744 , 7 , 1 , 2 , 0
6936 , 461 , 2 , 1 , 4 , 0
6937 , 936 , 3 , 4 , 5 , 0
6938 , 658 , 8 , 2 , 3 , 0
6939 , 585 , 7 , 5 , 3 , 0
6940 , 713 , 5 , 1 , 4 , 0
6941 , 825 , 1 , 3 , 1 , 0
6942 , 1121 , 1 , 1 , 1 , 0
6943 , 227 , 3 , 1 , 4 , 0
6944 , 512 , 6 , 3 , 4 , 0
6945 , 460 , 2 , 1 , 2 , 0
6946 , 469 , 5 , 3 , 4 , 0
6947 , 743 , 8 , 3 , 1 , 0
6948 , 1068 , 1 , 3 , 2 , 0
6949 , 1162 , 3 , 5 , 4 , 0
6950 , 821 , 3 , 4 , 3 , 0
6951 , 383 , 3 , 4 , 5 , 0
6952 , 709 , 4 , 3 , 1 , 0
6953 , 628 , 7 , 5 , 4 , 0
6954 , 547 , 6 , 2 , 1 , 0
6955 , 275 , 1 , 4 , 2 , 0
6956 , 445 , 3 , 2 , 2 , 0
6957 , 794 , 6 , 2 , 3 , 0
6958 , 665 , 3 , 1 , 1 , 0
6959 , 612 , 7 , 3 , 5 , 0
6960 , 900 , 3 , 4 , 4 , 0
6961 , 1167 , 3 , 4 , 2 , 0
6962 , 1166 , 1 , 1 , 1 , 0
6963 , 660 , 2 , 1 , 1 , 0
6964 , 268 , 1 , 1 , 5 , 0
6965 , 914 , 3 , 3 , 4 , 0
6966 , 581 , 3 , 5 , 1 , 0
6967 , 243 , 7 , 1 , 3 , 0
6968 , 1014 , 3 , 4 , 5 , 0
6969 , 733 , 4 , 3 , 4 , 0
6970 , 1142 , 7 , 4 , 3 , 0
6971 , 843 , 3 , 5 , 1 , 0
6972 , 434 , 5 , 1 , 2 , 0
6973 , 641 , 2 , 5 , 4 , 0
6974 , 1042 , 2 , 2 , 1 , 0
6975 , 763 , 3 , 3 , 2 , 0
6976 , 985 , 4 , 3 , 2 , 0
6977 , 1143 , 3 , 5 , 4 , 0
6978 , 369 , 1 , 2 , 4 , 0
6979 , 1158 , 4 , 4 , 4 , 0
6980 , 686 , 5 , 5 , 2 , 0
6981 , 1024 , 4 , 5 , 5 , 0
6982 , 598 , 8 , 4 , 2 , 0
6983 , 893 , 3 , 3 , 3 , 0
6984 , 368 , 6 , 4 , 2 , 0
6985 , 444 , 1 , 4 , 5 , 0
6986 , 289 , 5 , 1 , 1 , 0
6987 , 407 , 6 , 1 , 3 , 0
6988 , 848 , 3 , 3 , 2 , 0
6989 , 805 , 7 , 3 , 4 , 0
6990 , 348 , 5 , 5 , 2 , 0
6991 , 511 , 8 , 5 , 1 , 0
6992 , 720 , 1 , 3 , 5 , 0
6993 , 1076 , 4 , 3 , 3 , 0
6994 , 654 , 5 , 3 , 2 , 0
6995 , 782 , 7 , 4 , 3 , 0
6996 , 753 , 5 , 4 , 2 , 0
6997 , 658 , 5 , 1 , 5 , 0
6998 , 1161 , 1 , 5 , 2 , 0
6999 , 891 , 8 , 5 , 3 , 0
7000 , 915 , 5 , 4 , 2 , 0
7001 , 1176 , 6 , 5 , 4 , 0
7002 , 222 , 8 , 5 , 2 , 0
7003 , 938 , 8 , 4 , 5 , 0
7004 , 544 , 5 , 5 , 2 , 0
7005 , 646 , 5 , 5 , 1 , 0
7006 , 991 , 5 , 2 , 2 , 0
7007 , 769 , 4 , 1 , 1 , 0
7008 , 904 , 2 , 2 , 2 , 0
7009 , 271 , 6 , 5 , 5 , 0
7010 , 907 , 5 , 4 , 2 , 0
7011 , 923 , 2 , 3 , 2 , 0
7012 , 213 , 2 , 5 , 5 , 0
7013 , 298 , 6 , 1 , 4 , 0
7014 , 869 , 7 , 2 , 1 , 0
7015 , 576 , 5 , 2 , 2 , 0
7016 , 879 , 8 , 5 , 4 , 0
7017 , 1121 , 3 , 3 , 1 , 0
7018 , 557 , 6 , 3 , 4 , 0
7019 , 249 , 3 , 5 , 2 , 0
7020 , 760 , 3 , 2 , 5 , 0
7021 , 837 , 2 , 3 , 1 , 0
7022 , 1067 , 8 , 1 , 5 , 0
7023 , 1136 , 1 , 1 , 2 , 0
7024 , 1185 , 8 , 1 , 1 , 0
7025 , 879 , 7 , 1 , 5 , 0
7026 , 1170 , 2 , 5 , 2 , 0
7027 , 357 , 5 , 4 , 3 , 0
7028 , 730 , 2 , 2 , 1 , 0
7029 , 1111 , 8 , 3 , 4 , 0
7030 , 474 , 8 , 2 , 4 , 0
7031 , 969 , 2 , 4 , 3 , 0
7032 , 405 , 8 , 4 , 1 , 0
7033 , 392 , 1 , 4 , 2 , 0
7034 , 756 , 1 , 3 , 5 , 0
7035 , 614 , 6 , 3 , 5 , 0
7036 , 283 , 6 , 5 , 4 , 0
7037 , 969 , 8 , 3 , 4 , 0
7038 , 521 , 8 , 5 , 3 , 0
7039 , 523 , 7 , 3 , 4 , 0
7040 , 668 , 2 , 1 , 2 , 0
7041 , 204 , 1 , 5 , 1 , 0
7042 , 634 , 3 , 5 , 2 , 0
7043 , 780 , 8 , 5 , 1 , 0
7044 , 585 , 7 , 4 , 5 , 0
7045 , 1114 , 2 , 3 , 3 , 0
7046 , 648 , 6 , 1 , 1 , 0
7047 , 1175 , 7 , 2 , 4 , 0
7048 , 948 , 4 , 3 , 1 , 0
7049 , 1019 , 7 , 1 , 3 , 0
7050 , 669 , 8 , 1 , 1 , 0
7051 , 1079 , 2 , 3 , 1 , 0
7052 , 1118 , 5 , 3 , 4 , 0
7053 , 482 , 6 , 2 , 4 , 0
7054 , 912 , 4 , 5 , 1 , 0
7055 , 997 , 4 , 4 , 1 , 0
7056 , 999 , 8 , 1 , 5 , 0
7057 , 934 , 3 , 4 , 2 , 0
7058 , 571 , 8 , 5 , 3 , 0
7059 , 432 , 3 , 3 , 1 , 0
7060 , 905 , 8 , 4 , 4 , 0
7061 , 937 , 4 , 2 , 5 , 0
7062 , 1144 , 1 , 4 , 3 , 0
7063 , 219 , 5 , 1 , 3 , 0
7064 , 652 , 4 , 2 , 3 , 0
7065 , 812 , 5 , 2 , 5 , 0
7066 , 295 , 3 , 1 , 2 , 0
7067 , 382 , 5 , 5 , 4 , 0
7068 , 818 , 1 , 1 , 4 , 0
7069 , 736 , 4 , 4 , 3 , 0
7070 , 952 , 4 , 4 , 2 , 0
7071 , 1003 , 2 , 2 , 5 , 0
7072 , 748 , 2 , 2 , 3 , 0
7073 , 374 , 5 , 5 , 2 , 0
7074 , 638 , 1 , 3 , 5 , 0
7075 , 474 , 7 , 4 , 3 , 0
7076 , 738 , 6 , 5 , 2 , 0
7077 , 366 , 6 , 5 , 4 , 0
7078 , 561 , 7 , 4 , 4 , 0
7079 , 204 , 3 , 4 , 1 , 0
7080 , 742 , 1 , 3 , 4 , 0
7081 , 1034 , 3 , 3 , 1 , 0
7082 , 714 , 3 , 5 , 1 , 0
7083 , 643 , 1 , 5 , 4 , 0
7084 , 624 , 8 , 4 , 2 , 0
7085 , 1172 , 2 , 5 , 1 , 0
7086 , 970 , 1 , 3 , 1 , 0
7087 , 607 , 8 , 4 , 3 , 0
7088 , 1098 , 1 , 1 , 5 , 0
7089 , 907 , 8 , 5 , 3 , 0
7090 , 410 , 7 , 2 , 2 , 0
7091 , 217 , 3 , 1 , 3 , 0
7092 , 981 , 7 , 1 , 4 , 0
7093 , 264 , 8 , 1 , 5 , 0
7094 , 955 , 2 , 3 , 1 , 0
7095 , 1155 , 1 , 1 , 5 , 0
7096 , 361 , 2 , 2 , 3 , 0
7097 , 1030 , 2 , 5 , 2 , 0
7098 , 1158 , 6 , 2 , 1 , 0
7099 , 292 , 5 , 5 , 4 , 0
7100 , 623 , 4 , 5 , 2 , 0
7101 , 380 , 1 , 5 , 3 , 0
7102 , 372 , 2 , 1 , 4 , 0
7103 , 256 , 6 , 4 , 5 , 0
7104 , 850 , 3 , 3 , 5 , 0
7105 , 373 , 2 , 5 , 3 , 0
7106 , 1007 , 1 , 5 , 3 , 0
7107 , 1053 , 8 , 1 , 5 , 0
7108 , 1144 , 5 , 1 , 2 , 0
7109 , 1184 , 3 , 3 , 2 , 0
7110 , 1158 , 1 , 4 , 2 , 0
7111 , 942 , 7 , 1 , 2 , 0
7112 , 733 , 6 , 5 , 5 , 0
7113 , 1063 , 1 , 4 , 4 , 0
7114 , 244 , 6 , 3 , 4 , 0
7115 , 451 , 2 , 2 , 1 , 0
7116 , 752 , 4 , 4 , 4 , 0
7117 , 1034 , 8 , 4 , 3 , 0
7118 , 1024 , 7 , 4 , 3 , 0
7119 , 246 , 4 , 2 , 3 , 0
7120 , 1186 , 3 , 2 , 1 , 0
7121 , 924 , 5 , 3 , 3 , 0
7122 , 1005 , 7 , 4 , 4 , 0
7123 , 527 , 4 , 5 , 2 , 0
7124 , 893 , 8 , 3 , 5 , 0
7125 , 988 , 6 , 3 , 2 , 0
7126 , 227 , 4 , 2 , 2 , 0
7127 , 823 , 6 , 4 , 3 , 0
7128 , 234 , 8 , 4 , 3 , 0
7129 , 709 , 8 , 4 , 2 , 0
7130 , 435 , 3 , 4 , 2 , 0
7131 , 319 , 6 , 4 , 1 , 0
7132 , 865 , 8 , 5 , 4 , 0
7133 , 494 , 7 , 1 , 2 , 0
7134 , 1102 , 8 , 2 , 5 , 0
7135 , 1025 , 3 , 1 , 3 , 0
7136 , 676 , 6 , 4 , 4 , 0
7137 , 865 , 1 , 2 , 4 , 0
7138 , 293 , 1 , 4 , 5 , 0
7139 , 1029 , 1 , 5 , 1 , 0
7140 , 507 , 6 , 4 , 1 , 0
7141 , 694 , 2 , 2 , 5 , 0
7142 , 529 , 3 , 4 , 3 , 0
7143 , 901 , 5 , 5 , 4 , 0
7144 , 856 , 5 , 1 , 4 , 0
7145 , 232 , 7 , 5 , 5 , 0
7146 , 347 , 3 , 5 , 3 , 0
7147 , 1017 , 3 , 2 , 5 , 0
7148 , 436 , 1 , 2 , 1 , 0
7149 , 430 , 6 , 5 , 3 , 0
7150 , 932 , 6 , 1 , 5 , 0
7151 , 890 , 2 , 3 , 3 , 0
7152 , 967 , 6 , 5 , 2 , 0
7153 , 1114 , 4 , 3 , 4 , 0
7154 , 445 , 8 , 5 , 2 , 0
7155 , 337 , 6 , 4 , 1 , 0
7156 , 1115 , 1 , 1 , 5 , 0
7157 , 469 , 5 , 5 , 1 , 0
7158 , 816 , 7 , 4 , 5 , 0
7159 , 432 , 4 , 1 , 1 , 0
7160 , 976 , 7 , 2 , 5 , 0
7161 , 976 , 7 , 3 , 5 , 0
7162 , 444 , 8 , 1 , 5 , 0
7163 , 743 , 8 , 1 , 5 , 0
7164 , 784 , 6 , 3 , 5 , 0
7165 , 972 , 6 , 3 , 4 , 0
7166 , 460 , 7 , 3 , 1 , 0
7167 , 824 , 1 , 2 , 3 , 0
7168 , 396 , 1 , 1 , 5 , 0
7169 , 977 , 8 , 1 , 5 , 0
7170 , 583 , 3 , 1 , 2 , 0
7171 , 379 , 3 , 4 , 3 , 0
7172 , 996 , 7 , 3 , 3 , 0
7173 , 562 , 1 , 3 , 5 , 0
7174 , 224 , 7 , 5 , 2 , 0
7175 , 1057 , 3 , 1 , 4 , 0
7176 , 817 , 5 , 1 , 3 , 0
7177 , 438 , 7 , 1 , 5 , 0
7178 , 343 , 1 , 2 , 4 , 0
7179 , 851 , 6 , 1 , 3 , 0
7180 , 613 , 7 , 2 , 2 , 0
7181 , 791 , 6 , 1 , 2 , 0
7182 , 1013 , 6 , 5 , 5 , 0
7183 , 587 , 1 , 5 , 4 , 0
7184 , 1145 , 1 , 3 , 1 , 0
7185 , 374 , 4 , 2 , 3 , 0
7186 , 283 , 2 , 3 , 3 , 0
7187 , 1161 , 1 , 5 , 2 , 0
7188 , 814 , 3 , 5 , 3 , 0
7189 , 371 , 5 , 5 , 4 , 0
7190 , 274 , 3 , 5 , 4 , 0
7191 , 1031 , 3 , 3 , 4 , 0
7192 , 524 , 7 , 2 , 3 , 0
7193 , 961 , 7 , 5 , 1 , 0
7194 , 275 , 6 , 2 , 3 , 0
7195 , 308 , 4 , 1 , 3 , 0
7196 , 780 , 4 , 3 , 4 , 0
7197 , 711 , 6 , 2 , 5 , 0
7198 , 535 , 8 , 2 , 4 , 0
7199 , 1164 , 8 , 4 , 5 , 0
7200 , 248 , 6 , 4 , 2 , 0
7201 , 839 , 8 , 3 , 3 , 0
7202 , 1199 , 5 , 2 , 5 , 0
7203 , 381 , 6 , 3 , 5 , 0
7204 , 1081 , 2 , 3 , 2 , 0
7205 , 1146 , 1 , 1 , 1 , 0
7206 , 1101 , 4 , 1 , 1 , 0
7207 , 458 , 2 , 1 , 4 , 0
7208 , 1087 , 6 , 2 , 5 , 0
7209 , 809 , 7 , 4 , 2 , 0
7210 , 320 , 8 , 3 , 4 , 0
7211 , 467 , 1 , 1 , 1 , 0
7212 , 756 , 5 , 3 , 4 , 0
7213 , 709 , 7 , 4 , 4 , 0
7214 , 587 , 6 , 1 , 3 , 0
7215 , 1081 , 8 , 4 , 2 , 0
7216 , 888 , 6 , 3 , 3 , 0
7217 , 830 , 4 , 5 , 4 , 0
7218 , 373 , 5 , 5 , 4 , 0
7219 , 1046 , 4 , 5 , 3 , 0
7220 , 693 , 6 , 1 , 2 , 0
7221 , 823 , 6 , 3 , 5 , 0
7222 , 689 , 8 , 4 , 4 , 0
7223 , 362 , 2 , 2 , 1 , 0
7224 , 348 , 8 , 4 , 4 , 0
7225 , 327 , 8 , 4 , 4 , 0
7226 , 710 , 5 , 4 , 4 , 0
7227 , 526 , 8 , 1 , 2 , 0
7228 , 1093 , 3 , 1 , 1 , 0
7229 , 608 , 7 , 1 , 4 , 0
7230 , 879 , 1 , 5 , 1 , 0
7231 , 556 , 1 , 3 , 2 , 0
7232 , 402 , 3 , 1 , 5 , 0
7233 , 1114 , 1 , 2 , 1 , 0
7234 , 228 , 1 , 1 , 5 , 0
7235 , 548 , 3 , 3 , 1 , 0
7236 , 699 , 6 , 5 , 4 , 0
7237 , 1112 , 3 , 4 , 3 , 0
7238 , 942 , 1 , 3 , 3 , 0
7239 , 616 , 3 , 3 , 2 , 0
7240 , 1066 , 7 , 4 , 5 , 0
7241 , 241 , 1 , 1 , 2 , 0
7242 , 830 , 7 , 2 , 3 , 0
7243 , 375 , 6 , 5 , 3 , 0
7244 , 799 , 5 , 3 , 3 , 0
7245 , 848 , 8 , 2 , 2 , 0
7246 , 973 , 8 , 3 , 1 , 0
7247 , 884 , 1 , 2 , 1 , 0
7248 , 436 , 4 , 2 , 4 , 0
7249 , 380 , 6 , 4 , 3 , 0
7250 , 268 , 1 , 4 , 5 , 0
7251 , 200 , 1 , 1 , 3 , 0
7252 , 226 , 2 , 1 , 3 , 0
7253 , 951 , 8 , 2 , 1 , 0
7254 , 381 , 6 , 1 , 2 , 0
7255 , 706 , 3 , 3 , 1 , 0
7256 , 617 , 3 , 4 , 3 , 0
7257 , 665 , 2 , 4 , 3 , 0
7258 , 375 , 6 , 4 , 2 , 0
7259 , 445 , 5 , 4 , 4 , 0
7260 , 659 , 3 , 4 , 4 , 0
7261 , 1021 , 1 , 4 , 4 , 0
7262 , 580 , 4 , 5 , 1 , 0
7263 , 514 , 2 , 1 , 1 , 0
7264 , 560 , 2 , 5 , 5 , 0
7265 , 1162 , 3 , 3 , 4 , 0
7266 , 454 , 5 , 5 , 2 , 0
7267 , 1160 , 8 , 4 , 2 , 0
7268 , 554 , 2 , 2 , 1 , 0
7269 , 818 , 5 , 5 , 5 , 0
7270 , 605 , 8 , 4 , 4 , 0
7271 , 506 , 4 , 1 , 4 , 0
7272 , 994 , 2 , 1 , 4 , 0
7273 , 863 , 3 , 1 , 5 , 0
7274 , 1193 , 8 , 4 , 3 , 0
7275 , 1089 , 3 , 2 , 2 , 0
7276 , 680 , 6 , 1 , 4 , 0
7277 , 335 , 3 , 4 , 1 , 0
7278 , 261 , 3 , 3 , 3 , 0
7279 , 508 , 3 , 3 , 2 , 0
7280 , 957 , 3 , 4 , 3 , 0
7281 , 1150 , 1 , 4 , 1 , 0
7282 , 1057 , 6 , 3 , 2 , 0
7283 , 438 , 7 , 2 , 3 , 0
7284 , 347 , 7 , 5 , 3 , 0
7285 , 652 , 3 , 2 , 4 , 0
7286 , 902 , 6 , 5 , 3 , 0
7287 , 808 , 5 , 5 , 4 , 0
7288 , 571 , 6 , 3 , 3 , 0
7289 , 409 , 5 , 5 , 3 , 0
7290 , 1053 , 7 , 5 , 3 , 0
7291 , 1041 , 3 , 3 , 4 , 0
7292 , 1182 , 5 , 1 , 5 , 0
7293 , 847 , 4 , 4 , 5 , 0
7294 , 959 , 7 , 3 , 1 , 0
7295 , 316 , 4 , 5 , 4 , 0
7296 , 1196 , 1 , 2 , 2 , 0
7297 , 879 , 7 , 2 , 4 , 0
7298 , 501 , 3 , 4 , 5 , 0
7299 , 1194 , 6 , 4 , 1 , 0
7300 , 1118 , 8 , 2 , 5 , 0
7301 , 930 , 8 , 5 , 1 , 0
7302 , 408 , 8 , 1 , 3 , 0
7303 , 946 , 7 , 3 , 1 , 0
7304 , 806 , 6 , 2 , 3 , 0
7305 , 801 , 7 , 4 , 2 , 0
7306 , 265 , 2 , 5 , 4 , 0
7307 , 1119 , 2 , 4 , 4 , 0
7308 , 869 , 8 , 5 , 3 , 0
7309 , 300 , 6 , 2 , 1 , 0
7310 , 770 , 7 , 5 , 1 , 0
7311 , 234 , 5 , 4 , 1 , 0
7312 , 923 , 3 , 2 , 5 , 0
7313 , 1038 , 5 , 1 , 2 , 0
7314 , 1058 , 4 , 4 , 5 , 0
7315 , 970 , 6 , 1 , 2 , 0
7316 , 762 , 5 , 2 , 5 , 0
7317 , 1054 , 6 , 4 , 3 , 0
7318 , 1108 , 6 , 5 , 4 , 0
7319 , 1178 , 8 , 4 , 4 , 0
7320 , 611 , 2 , 2 , 3 , 0
7321 , 918 , 1 , 3 , 3 , 0
7322 , 831 , 1 , 5 , 5 , 0
7323 , 826 , 2 , 3 , 3 , 0
7324 , 598 , 7 , 3 , 2 , 0
7325 , 750 , 1 , 2 , 2 , 0
7326 , 1102 , 3 , 3 , 3 , 0
7327 , 940 , 7 , 4 , 2 , 0
7328 , 476 , 2 , 2 , 4 , 0
7329 , 1161 , 3 , 3 , 4 , 0
7330 , 1153 , 1 , 1 , 3 , 0
7331 , 928 , 6 , 2 , 5 , 0
7332 , 559 , 6 , 3 , 5 , 0
7333 , 807 , 5 , 3 , 2 , 0
7334 , 904 , 8 , 4 , 5 , 0
7335 , 1143 , 2 , 1 , 3 , 0
7336 , 208 , 2 , 1 , 1 , 0
7337 , 720 , 3 , 1 , 3 , 0
7338 , 598 , 5 , 2 , 4 , 0
7339 , 979 , 2 , 1 , 4 , 0
7340 , 1071 , 3 , 4 , 3 , 0
7341 , 638 , 3 , 5 , 3 , 0
7342 , 1051 , 4 , 4 , 2 , 0
7343 , 1036 , 1 , 3 , 5 , 0
7344 , 270 , 4 , 5 , 5 , 0
7345 , 1170 , 1 , 2 , 3 , 0
7346 , 824 , 3 , 3 , 5 , 0
7347 , 611 , 6 , 5 , 5 , 0
7348 , 406 , 4 , 1 , 3 , 0
7349 , 821 , 3 , 3 , 4 , 0
7350 , 319 , 7 , 2 , 1 , 0
7351 , 329 , 4 , 1 , 3 , 0
7352 , 975 , 7 , 4 , 4 , 0
7353 , 319 , 6 , 2 , 1 , 0
7354 , 799 , 4 , 5 , 5 , 0
7355 , 1080 , 2 , 2 , 5 , 0
7356 , 610 , 2 , 4 , 2 , 0
7357 , 323 , 6 , 3 , 2 , 0
7358 , 562 , 1 , 4 , 5 , 0
7359 , 433 , 3 , 4 , 2 , 0
7360 , 874 , 3 , 1 , 5 , 0
7361 , 368 , 8 , 4 , 1 , 0
7362 , 497 , 1 , 5 , 1 , 0
7363 , 643 , 6 , 4 , 2 , 0
7364 , 581 , 6 , 5 , 4 , 0
7365 , 344 , 2 , 1 , 5 , 0
7366 , 950 , 2 , 2 , 5 , 0
7367 , 1145 , 6 , 2 , 1 , 0
7368 , 1135 , 8 , 3 , 2 , 0
7369 , 980 , 1 , 2 , 4 , 0
7370 , 512 , 8 , 3 , 5 , 0
7371 , 947 , 2 , 4 , 5 , 0
7372 , 455 , 6 , 4 , 3 , 0
7373 , 245 , 1 , 3 , 3 , 0
7374 , 1194 , 2 , 2 , 2 , 0
7375 , 1195 , 6 , 1 , 2 , 0
7376 , 702 , 6 , 1 , 1 , 0
7377 , 443 , 7 , 3 , 5 , 0
7378 , 212 , 3 , 4 , 5 , 0
7379 , 569 , 6 , 3 , 3 , 0
7380 , 982 , 4 , 1 , 2 , 0
7381 , 545 , 1 , 4 , 4 , 0
7382 , 1087 , 1 , 5 , 3 , 0
7383 , 542 , 1 , 2 , 5 , 0
7384 , 832 , 5 , 1 , 5 , 0
7385 , 278 , 4 , 2 , 1 , 0
7386 , 507 , 1 , 2 , 3 , 0
7387 , 547 , 3 , 1 , 1 , 0
7388 , 924 , 7 , 1 , 3 , 0
7389 , 228 , 4 , 4 , 4 , 0
7390 , 427 , 7 , 2 , 5 , 0
7391 , 538 , 8 , 3 , 4 , 0
7392 , 1092 , 5 , 3 , 5 , 0
7393 , 932 , 6 , 2 , 5 , 0
7394 , 623 , 1 , 5 , 4 , 0
7395 , 315 , 7 , 4 , 2 , 0
7396 , 889 , 6 , 4 , 5 , 0
7397 , 439 , 8 , 1 , 3 , 0
7398 , 1096 , 4 , 5 , 4 , 0
7399 , 696 , 4 , 1 , 2 , 0
7400 , 1059 , 7 , 2 , 4 , 0
7401 , 477 , 7 , 5 , 2 , 0
7402 , 864 , 5 , 1 , 3 , 0
7403 , 1001 , 4 , 3 , 1 , 0
7404 , 491 , 3 , 4 , 3 , 0
7405 , 249 , 7 , 3 , 1 , 0
7406 , 286 , 1 , 5 , 4 , 0
7407 , 991 , 3 , 3 , 1 , 0
7408 , 923 , 1 , 5 , 4 , 0
7409 , 986 , 6 , 5 , 5 , 0
7410 , 772 , 4 , 4 , 1 , 0
7411 , 891 , 8 , 5 , 1 , 0
7412 , 1196 , 5 , 2 , 2 , 0
7413 , 658 , 8 , 2 , 5 , 0
7414 , 499 , 4 , 4 , 2 , 0
7415 , 559 , 7 , 1 , 2 , 0
7416 , 422 , 4 , 3 , 2 , 0
7417 , 922 , 3 , 4 , 2 , 0
7418 , 1045 , 6 , 2 , 2 , 0
7419 , 507 , 5 , 4 , 4 , 0
7420 , 243 , 4 , 5 , 3 , 0
7421 , 362 , 3 , 3 , 3 , 0
7422 , 1017 , 7 , 1 , 2 , 0
7423 , 1001 , 7 , 4 , 5 , 0
7424 , 300 , 1 , 2 , 2 , 0
7425 , 445 , 6 , 3 , 4 , 0
7426 , 850 , 3 , 1 , 3 , 0
7427 , 225 , 1 , 2 , 3 , 0
7428 , 1185 , 8 , 3 , 2 , 0
7429 , 218 , 8 , 1 , 5 , 0
7430 , 432 , 8 , 4 , 3 , 0
7431 , 308 , 2 , 1 , 3 , 0
7432 , 1147 , 6 , 1 , 1 , 0
7433 , 1107 , 7 , 1 , 1 , 0
7434 , 436 , 3 , 4 , 1 , 0
7435 , 419 , 6 , 2 , 5 , 0
7436 , 885 , 1 , 4 , 2 , 0
7437 , 777 , 7 , 3 , 5 , 0
7438 , 646 , 1 , 3 , 4 , 0
7439 , 400 , 2 , 2 , 3 , 0
7440 , 869 , 5 , 3 , 2 , 0
7441 , 693 , 6 , 1 , 1 , 0
7442 , 361 , 6 , 2 , 5 , 0
7443 , 1091 , 3 , 2 , 3 , 0
7444 , 751 , 7 , 2 , 5 , 0
7445 , 752 , 8 , 2 , 3 , 0
7446 , 877 , 8 , 1 , 1 , 0
7447 , 662 , 6 , 1 , 1 , 0
7448 , 1146 , 5 , 1 , 1 , 0
7449 , 378 , 3 , 2 , 3 , 0
7450 , 732 , 4 , 4 , 3 , 0
7451 , 704 , 8 , 1 , 3 , 0
7452 , 503 , 2 , 5 , 3 , 0
7453 , 1086 , 3 , 3 , 5 , 0
7454 , 653 , 7 , 4 , 1 , 0
7455 , 868 , 6 , 2 , 1 , 0
7456 , 968 , 5 , 2 , 4 , 0
7457 , 803 , 6 , 1 , 2 , 0
7458 , 730 , 5 , 5 , 5 , 0
7459 , 651 , 5 , 4 , 3 , 0
7460 , 1174 , 3 , 2 , 1 , 0
7461 , 811 , 8 , 3 , 1 , 0
7462 , 508 , 5 , 1 , 3 , 0
7463 , 493 , 2 , 3 , 4 , 0
7464 , 641 , 7 , 5 , 5 , 0
7465 , 999 , 7 , 3 , 3 , 0
7466 , 317 , 2 , 1 , 4 , 0
7467 , 715 , 2 , 3 , 4 , 0
7468 , 571 , 8 , 4 , 5 , 0
7469 , 727 , 7 , 5 , 5 , 0
7470 , 596 , 1 , 3 , 2 , 0
7471 , 470 , 2 , 4 , 2 , 0
7472 , 1012 , 2 , 1 , 3 , 0
7473 , 694 , 6 , 5 , 3 , 0
7474 , 764 , 1 , 4 , 1 , 0
7475 , 912 , 7 , 4 , 5 , 0
7476 , 350 , 2 , 4 , 1 , 0
7477 , 259 , 1 , 5 , 3 , 0
7478 , 308 , 5 , 3 , 2 , 0
7479 , 593 , 6 , 1 , 4 , 0
7480 , 242 , 6 , 1 , 1 , 0
7481 , 544 , 4 , 1 , 2 , 0
7482 , 887 , 3 , 2 , 2 , 0
7483 , 418 , 4 , 4 , 3 , 0
7484 , 1176 , 2 , 3 , 3 , 0
7485 , 294 , 4 , 5 , 3 , 0
7486 , 653 , 8 , 1 , 1 , 0
7487 , 885 , 6 , 5 , 1 , 0
7488 , 802 , 3 , 4 , 2 , 0
7489 , 902 , 7 , 4 , 5 , 0
7490 , 351 , 1 , 2 , 4 , 0
7491 , 570 , 1 , 3 , 2 , 0
7492 , 792 , 6 , 5 , 2 , 0
7493 , 880 , 2 , 5 , 4 , 0
7494 , 1182 , 2 , 5 , 2 , 0
7495 , 530 , 2 , 3 , 3 , 0
7496 , 940 , 1 , 3 , 3 , 0
7497 , 279 , 1 , 3 , 4 , 0
7498 , 827 , 1 , 2 , 4 , 0
7499 , 399 , 6 , 2 , 4 , 0
7500 , 254 , 8 , 1 , 5 , 0
7501 , 226 , 1 , 5 , 5 , 0
7502 , 687 , 3 , 4 , 4 , 0
7503 , 1177 , 2 , 1 , 4 , 0
7504 , 520 , 8 , 3 , 5 , 0
7505 , 883 , 8 , 4 , 3 , 0
7506 , 1067 , 5 , 2 , 5 , 0
7507 , 634 , 4 , 5 , 3 , 0
7508 , 1163 , 6 , 3 , 2 , 0
7509 , 539 , 3 , 1 , 1 , 0
7510 , 1112 , 4 , 5 , 5 , 0
7511 , 1097 , 7 , 4 , 2 , 0
7512 , 879 , 8 , 3 , 5 , 0
7513 , 315 , 6 , 2 , 1 , 0
7514 , 600 , 4 , 3 , 4 , 0
7515 , 393 , 1 , 3 , 3 , 0
7516 , 430 , 2 , 1 , 1 , 0
7517 , 883 , 6 , 5 , 1 , 0
7518 , 874 , 3 , 3 , 4 , 0
7519 , 795 , 7 , 4 , 5 , 0
7520 , 968 , 1 , 3 , 4 , 0
7521 , 638 , 1 , 2 , 5 , 0
7522 , 801 , 5 , 2 , 4 , 0
7523 , 262 , 6 , 1 , 1 , 0
7524 , 743 , 3 , 4 , 3 , 0
7525 , 1019 , 4 , 3 , 4 , 0
7526 , 236 , 1 , 2 , 4 , 0
7527 , 1165 , 4 , 5 , 5 , 0
7528 , 284 , 4 , 3 , 3 , 0
7529 , 612 , 3 , 2 , 1 , 0
7530 , 822 , 2 , 1 , 1 , 0
7531 , 985 , 4 , 2 , 5 , 0
7532 , 639 , 1 , 2 , 2 , 0
7533 , 938 , 4 , 1 , 3 , 0
7534 , 775 , 6 , 1 , 5 , 0
7535 , 801 , 4 , 1 , 5 , 0
7536 , 1097 , 7 , 4 , 4 , 0
7537 , 621 , 3 , 1 , 1 , 0
7538 , 359 , 2 , 1 , 2 , 0
7539 , 1000 , 1 , 3 , 1 , 0
7540 , 429 , 3 , 5 , 5 , 0
7541 , 488 , 5 , 3 , 1 , 0
7542 , 841 , 3 , 5 , 5 , 0
7543 , 991 , 1 , 4 , 4 , 0
7544 , 529 , 3 , 4 , 2 , 0
7545 , 1050 , 1 , 2 , 4 , 0
7546 , 1189 , 5 , 1 , 1 , 0
7547 , 1141 , 7 , 2 , 5 , 0
7548 , 969 , 3 , 3 , 1 , 0
7549 , 982 , 1 , 5 , 5 , 0
7550 , 1100 , 6 , 5 , 4 , 0
7551 , 645 , 1 , 4 , 1 , 0
7552 , 708 , 1 , 2 , 3 , 0
7553 , 1139 , 5 , 5 , 5 , 0
7554 , 631 , 3 , 5 , 1 , 0
7555 , 240 , 5 , 4 , 5 , 0
7556 , 731 , 8 , 1 , 4 , 0
7557 , 658 , 7 , 1 , 4 , 0
7558 , 296 , 1 , 5 , 3 , 0
7559 , 677 , 6 , 4 , 1 , 0
7560 , 608 , 7 , 2 , 5 , 0
7561 , 358 , 6 , 2 , 1 , 0
7562 , 1086 , 4 , 1 , 5 , 0
7563 , 983 , 2 , 3 , 5 , 0
7564 , 660 , 2 , 5 , 2 , 0
7565 , 223 , 7 , 5 , 1 , 0
7566 , 1179 , 2 , 5 , 4 , 0
7567 , 622 , 7 , 5 , 2 , 0
7568 , 983 , 7 , 2 , 5 , 0
7569 , 341 , 7 , 5 , 3 , 0
7570 , 1193 , 8 , 3 , 4 , 0
7571 , 524 , 8 , 4 , 5 , 0
7572 , 315 , 2 , 4 , 3 , 0
7573 , 466 , 1 , 4 , 2 , 0
7574 , 351 , 3 , 2 , 2 , 0
7575 , 481 , 4 , 2 , 5 , 0
7576 , 1129 , 7 , 4 , 5 , 0
7577 , 647 , 5 , 5 , 3 , 0
7578 , 976 , 7 , 3 , 3 , 0
7579 , 942 , 6 , 5 , 4 , 0
7580 , 265 , 6 , 3 , 3 , 0
7581 , 717 , 5 , 2 , 2 , 0
7582 , 1188 , 2 , 3 , 3 , 0
7583 , 413 , 4 , 3 , 4 , 0
7584 , 956 , 1 , 5 , 2 , 0
7585 , 532 , 1 , 3 , 1 , 0
7586 , 699 , 1 , 2 , 1 , 0
7587 , 1014 , 4 , 4 , 4 , 0
7588 , 692 , 7 , 5 , 3 , 0
7589 , 927 , 4 , 3 , 5 , 0
7590 , 1144 , 1 , 3 , 2 , 0
7591 , 1042 , 1 , 5 , 1 , 0
7592 , 850 , 4 , 5 , 1 , 0
7593 , 413 , 3 , 5 , 4 , 0
7594 , 707 , 7 , 3 , 5 , 0
7595 , 907 , 2 , 5 , 5 , 0
7596 , 1023 , 5 , 4 , 2 , 0
7597 , 208 , 4 , 3 , 4 , 0
7598 , 453 , 7 , 4 , 3 , 0
7599 , 617 , 2 , 1 , 5 , 0
7600 , 578 , 8 , 2 , 1 , 0
7601 , 633 , 3 , 4 , 2 , 0
7602 , 423 , 7 , 1 , 3 , 0
7603 , 485 , 8 , 1 , 5 , 0
7604 , 527 , 1 , 4 , 5 , 0
7605 , 905 , 6 , 2 , 4 , 0
7606 , 1194 , 4 , 2 , 1 , 0
7607 , 848 , 7 , 2 , 1 , 0
7608 , 1149 , 5 , 4 , 1 , 0
7609 , 1001 , 2 , 4 , 2 , 0
7610 , 279 , 2 , 3 , 3 , 0
7611 , 308 , 6 , 1 , 3 , 0
7612 , 254 , 1 , 3 , 1 , 0
7613 , 753 , 3 , 1 , 4 , 0
7614 , 688 , 8 , 3 , 1 , 0
7615 , 1145 , 1 , 4 , 3 , 0
7616 , 650 , 3 , 2 , 4 , 0
7617 , 715 , 6 , 3 , 4 , 0
7618 , 788 , 1 , 2 , 5 , 0
7619 , 1097 , 4 , 1 , 5 , 0
7620 , 331 , 7 , 2 , 4 , 0
7621 , 1184 , 1 , 1 , 5 , 0
7622 , 870 , 3 , 2 , 3 , 0
7623 , 308 , 6 , 3 , 1 , 0
7624 , 481 , 2 , 3 , 5 , 0
7625 , 905 , 8 , 2 , 4 , 0
7626 , 773 , 3 , 5 , 1 , 0
7627 , 499 , 2 , 1 , 5 , 0
7628 , 430 , 1 , 1 , 1 , 0
7629 , 559 , 1 , 3 , 5 , 0
7630 , 452 , 5 , 2 , 4 , 0
7631 , 1064 , 7 , 4 , 4 , 0
7632 , 354 , 2 , 2 , 1 , 0
7633 , 1163 , 1 , 2 , 1 , 0
7634 , 834 , 7 , 1 , 4 , 0
7635 , 627 , 1 , 1 , 2 , 0
7636 , 768 , 1 , 2 , 4 , 0
7637 , 1165 , 4 , 5 , 3 , 0
7638 , 690 , 6 , 2 , 5 , 0
7639 , 373 , 4 , 4 , 2 , 0
7640 , 758 , 3 , 5 , 3 , 0
7641 , 239 , 8 , 1 , 1 , 0
7642 , 420 , 7 , 2 , 1 , 0
7643 , 215 , 7 , 5 , 1 , 0
7644 , 640 , 5 , 3 , 1 , 0
7645 , 218 , 1 , 2 , 2 , 0
7646 , 689 , 6 , 3 , 1 , 0
7647 , 819 , 6 , 2 , 2 , 0
7648 , 492 , 5 , 1 , 2 , 0
7649 , 815 , 4 , 1 , 4 , 0
7650 , 986 , 1 , 4 , 3 , 0
7651 , 233 , 5 , 4 , 4 , 0
7652 , 1118 , 7 , 2 , 5 , 0
7653 , 1095 , 7 , 4 , 4 , 0
7654 , 792 , 5 , 3 , 2 , 0
7655 , 451 , 3 , 2 , 1 , 0
7656 , 437 , 8 , 3 , 1 , 0
7657 , 499 , 7 , 5 , 1 , 0
7658 , 836 , 7 , 2 , 3 , 0
7659 , 1041 , 4 , 2 , 5 , 0
7660 , 586 , 6 , 4 , 5 , 0
7661 , 403 , 8 , 5 , 1 , 0
7662 , 959 , 4 , 4 , 1 , 0
7663 , 476 , 5 , 2 , 2 , 0
7664 , 247 , 5 , 1 , 5 , 0
7665 , 825 , 8 , 1 , 3 , 0
7666 , 283 , 8 , 2 , 3 , 0
7667 , 461 , 3 , 3 , 4 , 0
7668 , 509 , 2 , 4 , 4 , 0
7669 , 374 , 3 , 2 , 3 , 0
7670 , 695 , 1 , 5 , 5 , 0
7671 , 798 , 2 , 2 , 2 , 0
7672 , 661 , 2 , 5 , 3 , 0
7673 , 259 , 7 , 3 , 5 , 0
7674 , 486 , 4 , 3 , 2 , 0
7675 , 711 , 1 , 4 , 5 , 0
7676 , 358 , 3 , 5 , 5 , 0
7677 , 473 , 8 , 1 , 5 , 0
7678 , 743 , 6 , 4 , 1 , 0
7679 , 482 , 4 , 1 , 2 , 0
7680 , 1188 , 1 , 1 , 5 , 0
7681 , 728 , 3 , 3 , 3 , 0
7682 , 381 , 3 , 3 , 4 , 0
7683 , 471 , 8 , 4 , 4 , 0
7684 , 222 , 1 , 4 , 2 , 0
7685 , 787 , 7 , 4 , 5 , 0
7686 , 999 , 1 , 5 , 2 , 0
7687 , 519 , 2 , 3 , 5 , 0
7688 , 422 , 8 , 1 , 5 , 0
7689 , 785 , 6 , 1 , 1 , 0
7690 , 984 , 5 , 2 , 5 , 0
7691 , 811 , 7 , 4 , 3 , 0
7692 , 428 , 4 , 3 , 4 , 0
7693 , 868 , 8 , 1 , 3 , 0
7694 , 600 , 4 , 2 , 1 , 0
7695 , 365 , 3 , 3 , 5 , 0
7696 , 729 , 1 , 5 , 1 , 0
7697 , 213 , 7 , 4 , 3 , 0
7698 , 1088 , 2 , 2 , 5 , 0
7699 , 269 , 5 , 1 , 2 , 0
7700 , 920 , 4 , 5 , 5 , 0
7701 , 1196 , 3 , 4 , 1 , 0
7702 , 993 , 5 , 4 , 4 , 0
7703 , 636 , 1 , 2 , 3 , 0
7704 , 328 , 2 , 5 , 4 , 0
7705 , 1188 , 7 , 3 , 5 , 0
7706 , 796 , 2 , 4 , 4 , 0
7707 , 540 , 4 , 3 , 3 , 0
7708 , 882 , 1 , 2 , 1 , 0
7709 , 1180 , 8 , 1 , 1 , 0
7710 , 706 , 6 , 1 , 2 , 0
7711 , 1109 , 3 , 5 , 1 , 0
7712 , 440 , 5 , 4 , 1 , 0
7713 , 582 , 4 , 4 , 4 , 0
7714 , 293 , 6 , 3 , 1 , 0
7715 , 785 , 3 , 4 , 5 , 0
7716 , 347 , 3 , 3 , 3 , 0
7717 , 387 , 7 , 2 , 5 , 0
7718 , 812 , 6 , 4 , 2 , 0
7719 , 255 , 1 , 2 , 5 , 0
7720 , 371 , 1 , 5 , 5 , 0
7721 , 1196 , 7 , 5 , 4 , 0
7722 , 537 , 4 , 3 , 3 , 0
7723 , 787 , 2 , 1 , 3 , 0
7724 , 426 , 3 , 3 , 4 , 0
7725 , 850 , 8 , 4 , 5 , 0
7726 , 1158 , 5 , 3 , 3 , 0
7727 , 243 , 3 , 5 , 5 , 0
7728 , 737 , 6 , 5 , 2 , 0
7729 , 757 , 8 , 2 , 1 , 0
7730 , 802 , 5 , 5 , 4 , 0
7731 , 794 , 1 , 5 , 5 , 0
7732 , 703 , 7 , 5 , 2 , 0
7733 , 759 , 4 , 3 , 1 , 0
7734 , 440 , 2 , 5 , 4 , 0
7735 , 400 , 1 , 1 , 2 , 0
7736 , 928 , 3 , 3 , 5 , 0
7737 , 921 , 7 , 4 , 4 , 0
7738 , 672 , 2 , 4 , 5 , 0
7739 , 982 , 8 , 1 , 1 , 0
7740 , 379 , 8 , 1 , 4 , 0
7741 , 468 , 1 , 1 , 5 , 0
7742 , 1131 , 7 , 2 , 4 , 0
7743 , 982 , 3 , 3 , 4 , 0
7744 , 1186 , 2 , 1 , 4 , 0
7745 , 273 , 5 , 2 , 4 , 0
7746 , 1041 , 1 , 3 , 5 , 0
7747 , 456 , 7 , 1 , 4 , 0
7748 , 965 , 7 , 5 , 3 , 0
7749 , 793 , 8 , 5 , 5 , 0
7750 , 781 , 3 , 3 , 5 , 0
7751 , 1173 , 1 , 5 , 5 , 0
7752 , 758 , 2 , 4 , 3 , 0
7753 , 1092 , 8 , 5 , 3 , 0
7754 , 815 , 4 , 2 , 4 , 0
7755 , 247 , 7 , 2 , 1 , 0
7756 , 750 , 2 , 3 , 4 , 0
7757 , 476 , 2 , 1 , 5 , 0
7758 , 721 , 6 , 3 , 2 , 0
7759 , 622 , 4 , 1 , 5 , 0
7760 , 205 , 4 , 3 , 4 , 0
7761 , 818 , 2 , 1 , 2 , 0
7762 , 282 , 1 , 2 , 2 , 0
7763 , 547 , 6 , 2 , 1 , 0
7764 , 564 , 3 , 5 , 2 , 0
7765 , 423 , 5 , 5 , 5 , 0
7766 , 588 , 1 , 4 , 5 , 0
7767 , 600 , 2 , 4 , 3 , 0
7768 , 701 , 6 , 3 , 5 , 0
7769 , 588 , 1 , 1 , 5 , 0
7770 , 200 , 2 , 2 , 4 , 0
7771 , 781 , 5 , 2 , 1 , 0
7772 , 1089 , 1 , 1 , 5 , 0
7773 , 466 , 3 , 1 , 4 , 0
7774 , 1104 , 2 , 5 , 1 , 0
7775 , 612 , 4 , 2 , 4 , 0
7776 , 1128 , 1 , 1 , 3 , 0
7777 , 697 , 7 , 4 , 1 , 0
7778 , 1179 , 6 , 1 , 2 , 0
7779 , 996 , 5 , 4 , 4 , 0
7780 , 1012 , 3 , 3 , 2 , 0
7781 , 899 , 3 , 5 , 3 , 0
7782 , 764 , 2 , 5 , 5 , 0
7783 , 552 , 3 , 3 , 5 , 0
7784 , 750 , 5 , 1 , 3 , 0
7785 , 369 , 3 , 5 , 2 , 0
7786 , 906 , 4 , 5 , 2 , 0
7787 , 937 , 4 , 5 , 2 , 0
7788 , 1102 , 3 , 1 , 4 , 0
7789 , 644 , 4 , 4 , 5 , 0
7790 , 608 , 1 , 5 , 2 , 0
7791 , 1014 , 5 , 1 , 4 , 0
7792 , 606 , 2 , 4 , 2 , 0
7793 , 1061 , 5 , 5 , 1 , 0
7794 , 310 , 6 , 1 , 3 , 0
7795 , 810 , 4 , 1 , 4 , 0
7796 , 206 , 8 , 2 , 5 , 0
7797 , 852 , 8 , 3 , 1 , 0
7798 , 525 , 8 , 4 , 5 , 0
7799 , 750 , 4 , 2 , 5 , 0
7800 , 1048 , 1 , 5 , 5 , 0
7801 , 1084 , 4 , 3 , 3 , 0
7802 , 934 , 3 , 5 , 5 , 0
7803 , 449 , 3 , 5 , 1 , 0
7804 , 412 , 2 , 3 , 5 , 0
7805 , 836 , 6 , 3 , 3 , 0
7806 , 946 , 5 , 1 , 5 , 0
7807 , 510 , 7 , 4 , 5 , 0
7808 , 972 , 8 , 1 , 1 , 0
7809 , 214 , 2 , 3 , 2 , 0
7810 , 330 , 3 , 2 , 5 , 0
7811 , 1149 , 3 , 3 , 1 , 0
7812 , 424 , 1 , 4 , 3 , 0
7813 , 1067 , 6 , 1 , 5 , 0
7814 , 311 , 2 , 2 , 5 , 0
7815 , 368 , 5 , 2 , 1 , 0
7816 , 587 , 1 , 3 , 3 , 0
7817 , 923 , 6 , 5 , 2 , 0
7818 , 1131 , 6 , 4 , 4 , 0
7819 , 903 , 3 , 2 , 5 , 0
7820 , 955 , 5 , 4 , 4 , 0
7821 , 249 , 8 , 2 , 5 , 0
7822 , 909 , 5 , 3 , 2 , 0
7823 , 1163 , 8 , 3 , 3 , 0
7824 , 644 , 2 , 2 , 5 , 0
7825 , 844 , 8 , 1 , 5 , 0
7826 , 511 , 4 , 4 , 4 , 0
7827 , 326 , 2 , 2 , 3 , 0
7828 , 564 , 6 , 2 , 3 , 0
7829 , 942 , 4 , 2 , 2 , 0
7830 , 339 , 8 , 2 , 1 , 0
7831 , 1128 , 7 , 4 , 1 , 0
7832 , 207 , 5 , 5 , 1 , 0
7833 , 768 , 8 , 1 , 1 , 0
7834 , 960 , 5 , 5 , 5 , 0
7835 , 498 , 2 , 4 , 5 , 0
7836 , 588 , 4 , 1 , 4 , 0
7837 , 939 , 2 , 2 , 5 , 0
7838 , 209 , 2 , 2 , 1 , 0
7839 , 422 , 2 , 5 , 5 , 0
7840 , 420 , 1 , 2 , 4 , 0
7841 , 720 , 7 , 1 , 4 , 0
7842 , 278 , 2 , 3 , 5 , 0
7843 , 964 , 2 , 4 , 4 , 0
7844 , 674 , 8 , 2 , 3 , 0
7845 , 959 , 2 , 2 , 3 , 0
7846 , 744 , 2 , 5 , 4 , 0
7847 , 901 , 1 , 4 , 3 , 0
7848 , 436 , 6 , 5 , 5 , 0
7849 , 1115 , 3 , 1 , 3 , 0
7850 , 1040 , 1 , 1 , 1 , 0
7851 , 1123 , 2 , 2 , 4 , 0
7852 , 1014 , 8 , 5 , 2 , 0
7853 , 651 , 5 , 2 , 2 , 0
7854 , 1175 , 2 , 1 , 2 , 0
7855 , 349 , 4 , 3 , 1 , 0
7856 , 487 , 3 , 2 , 5 , 0
7857 , 297 , 5 , 5 , 2 , 0
7858 , 670 , 3 , 4 , 1 , 0
7859 , 607 , 2 , 5 , 5 , 0
7860 , 1112 , 5 , 3 , 1 , 0
7861 , 1053 , 1 , 2 , 1 , 0
7862 , 814 , 1 , 1 , 2 , 0
7863 , 711 , 3 , 1 , 4 , 0
7864 , 1115 , 2 , 4 , 2 , 0
7865 , 1074 , 5 , 5 , 5 , 0
7866 , 600 , 1 , 5 , 4 , 0
7867 , 208 , 2 , 4 , 5 , 0
7868 , 553 , 8 , 3 , 5 , 0
7869 , 672 , 7 , 4 , 1 , 0
7870 , 749 , 7 , 3 , 3 , 0
7871 , 394 , 6 , 2 , 4 , 0
7872 , 410 , 2 , 3 , 5 , 0
7873 , 879 , 4 , 1 , 3 , 0
7874 , 1111 , 1 , 3 , 4 , 0
7875 , 415 , 3 , 1 , 5 , 0
7876 , 928 , 7 , 4 , 2 , 0
7877 , 705 , 8 , 5 , 3 , 0
7878 , 917 , 4 , 5 , 5 , 0
7879 , 431 , 5 , 1 , 2 , 0
7880 , 1003 , 3 , 1 , 3 , 0
7881 , 607 , 8 , 2 , 4 , 0
7882 , 490 , 5 , 5 , 4 , 0
7883 , 875 , 3 , 1 , 4 , 0
7884 , 677 , 4 , 5 , 4 , 0
7885 , 746 , 2 , 4 , 4 , 0
7886 , 261 , 8 , 1 , 3 , 0
7887 , 1085 , 8 , 1 , 4 , 0
7888 , 607 , 5 , 4 , 2 , 0
7889 , 850 , 3 , 1 , 4 , 0
7890 , 873 , 3 , 4 , 5 , 0
7891 , 1164 , 3 , 1 , 4 , 0
7892 , 785 , 5 , 3 , 5 , 0
7893 , 1082 , 7 , 5 , 3 , 0
7894 , 806 , 3 , 5 , 1 , 0
7895 , 548 , 8 , 4 , 2 , 0
7896 , 708 , 8 , 3 , 4 , 0
7897 , 593 , 3 , 4 , 5 , 0
7898 , 941 , 5 , 5 , 3 , 0
7899 , 323 , 3 , 3 , 3 , 0
7900 , 243 , 4 , 3 , 2 , 0
7901 , 929 , 5 , 5 , 1 , 0
7902 , 887 , 5 , 2 , 5 , 0
7903 , 404 , 3 , 4 , 4 , 0
7904 , 644 , 5 , 1 , 4 , 0
7905 , 283 , 2 , 5 , 4 , 0
7906 , 1149 , 2 , 5 , 4 , 0
7907 , 783 , 4 , 3 , 3 , 0
7908 , 427 , 8 , 4 , 1 , 0
7909 , 431 , 6 , 1 , 5 , 0
7910 , 384 , 7 , 3 , 3 , 0
7911 , 934 , 3 , 5 , 4 , 0
7912 , 991 , 2 , 2 , 1 , 0
7913 , 760 , 7 , 5 , 5 , 0
7914 , 1033 , 1 , 2 , 4 , 0
7915 , 905 , 4 , 4 , 3 , 0
7916 , 953 , 8 , 5 , 2 , 0
7917 , 429 , 1 , 5 , 1 , 0
7918 , 953 , 7 , 3 , 2 , 0
7919 , 881 , 6 , 5 , 1 , 0
7920 , 940 , 8 , 3 , 3 , 0
7921 , 1097 , 2 , 2 , 3 , 0
7922 , 209 , 4 , 1 , 5 , 0
7923 , 279 , 5 , 1 , 5 , 0
7924 , 518 , 6 , 4 , 3 , 0
7925 , 1155 , 6 , 2 , 5 , 0
7926 , 635 , 6 , 5 , 5 , 0
7927 , 613 , 6 , 4 , 1 , 0
7928 , 459 , 8 , 5 , 2 , 0
7929 , 988 , 2 , 4 , 2 , 0
7930 , 534 , 2 , 2 , 1 , 0
7931 , 355 , 5 , 4 , 1 , 0
7932 , 1130 , 1 , 4 , 1 , 0
7933 , 1071 , 5 , 3 , 3 , 0
7934 , 1173 , 5 , 2 , 1 , 0
7935 , 731 , 1 , 3 , 3 , 0
7936 , 828 , 8 , 4 , 5 , 0
7937 , 596 , 1 , 1 , 1 , 0
7938 , 711 , 3 , 1 , 3 , 0
7939 , 812 , 6 , 5 , 4 , 0
7940 , 339 , 1 , 4 , 5 , 0
7941 , 1035 , 5 , 5 , 5 , 0
7942 , 463 , 2 , 5 , 1 , 0
7943 , 458 , 1 , 2 , 4 , 0
7944 , 1104 , 2 , 2 , 4 , 0
7945 , 238 , 6 , 3 , 5 , 0
7946 , 757 , 7 , 2 , 3 , 0
7947 , 259 , 7 , 1 , 2 , 0
7948 , 243 , 6 , 4 , 2 , 0
7949 , 830 , 8 , 3 , 5 , 0
7950 , 1106 , 7 , 1 , 4 , 0
7951 , 250 , 5 , 3 , 3 , 0
7952 , 958 , 4 , 4 , 3 , 0
7953 , 700 , 1 , 4 , 2 , 0
7954 , 231 , 6 , 1 , 5 , 0
7955 , 695 , 8 , 5 , 2 , 0
7956 , 785 , 8 , 5 , 4 , 0
7957 , 937 , 6 , 4 , 1 , 0
7958 , 853 , 2 , 1 , 5 , 0
7959 , 955 , 5 , 2 , 3 , 0
7960 , 302 , 8 , 1 , 1 , 0
7961 , 389 , 2 , 3 , 1 , 0
7962 , 469 , 8 , 5 , 1 , 0
7963 , 816 , 8 , 4 , 5 , 0
7964 , 1149 , 8 , 5 , 5 , 0
7965 , 762 , 5 , 5 , 3 , 0
7966 , 464 , 5 , 3 , 3 , 0
7967 , 1118 , 8 , 3 , 1 , 0
7968 , 897 , 5 , 4 , 5 , 0
7969 , 946 , 1 , 1 , 4 , 0
7970 , 887 , 6 , 4 , 2 , 0
7971 , 551 , 1 , 5 , 1 , 0
7972 , 368 , 4 , 2 , 3 , 0
7973 , 644 , 6 , 5 , 1 , 0
7974 , 476 , 7 , 2 , 5 , 0
7975 , 978 , 8 , 3 , 3 , 0
7976 , 277 , 2 , 5 , 2 , 0
7977 , 1169 , 7 , 4 , 2 , 0
7978 , 982 , 6 , 3 , 5 , 0
7979 , 914 , 2 , 2 , 3 , 0
7980 , 785 , 5 , 5 , 3 , 0
7981 , 844 , 1 , 4 , 5 , 0
7982 , 1039 , 8 , 4 , 1 , 0
7983 , 936 , 4 , 5 , 1 , 0
7984 , 829 , 1 , 1 , 3 , 0
7985 , 1020 , 2 , 1 , 1 , 0
7986 , 257 , 1 , 2 , 4 , 0
7987 , 924 , 3 , 1 , 3 , 0
7988 , 521 , 3 , 3 , 3 , 0
7989 , 788 , 6 , 1 , 3 , 0
7990 , 316 , 8 , 5 , 2 , 0
7991 , 551 , 4 , 2 , 5 , 0
7992 , 942 , 1 , 1 , 1 , 0
7993 , 691 , 3 , 4 , 2 , 0
7994 , 1064 , 8 , 5 , 4 , 0
7995 , 986 , 5 , 5 , 1 , 0
7996 , 1006 , 7 , 2 , 4 , 0
7997 , 1131 , 6 , 2 , 3 , 0
7998 , 544 , 6 , 4 , 3 , 0
7999 , 615 , 1 , 1 , 2 , 0
